YearMonth,In-Out,CompanyCode,TotalOrder,DetailContract,SVTTotal,SVTForeigner,OrderTotal,DetailOrderForeigner
2017-09-01,1,0,260,0,99,64,30,0
2017-09-01,1,1,160,0,126,62,3,0
2017-09-01,1,2,18,0,11,0,3,0
2017-09-01,1,3,28,0,22,11,0,0
2017-09-01,1,4,110,0,77,74,9,9
2017-09-01,1,5,42,0,42,41,0,0
2017-09-01,1,6,170,0,13,13,0,0
2017-09-01,1,7,193,80,9,3,0,0
2017-09-01,1,8,88,30,10,2,0,0
2017-09-01,1,9,108,0,70,60,0,0
2017-09-01,1,10,23,0,11,11,0,0
2017-09-01,1,11,130,0,46,33,13,0
2017-09-01,0,12,210,0,87,0,40,0
2017-09-01,0,13,44,0,43,0,0,0
2017-09-01,0,14,140,0,16,0,15,0
2017-09-01,0,15,200,0,9,0,14,0
2017-09-01,0,16,80,0,9,0,0,0
2017-09-01,0,17,35,0,7,0,2,0
2017-09-01,0,18,7,0,1,0,0,0
2017-09-01,0,19,10,0,1,0,0,0
2017-09-01,0,20,50,0,30,0,0,0
2017-09-01,0,21,50,0,21,0,0,0
2017-09-01,0,22,2500,0,0,0,0,0
2017-09-01,0,23,150,0,8,0,12,0
2017-09-01,0,24,0,0,0,0,0,0
2017-09-01,0,25,10,0,1,0,5,0
2017-09-01,0,26,80,0,5,0,10,0
2017-09-01,0,27,45,0,6,0,5,0
2017-09-01,0,28,77,0,4,4,22,10
2017-09-01,0,29,20,0,4,1,5,5
2017-09-01,0,30,15,0,5,0,2,2
2017-10-01,1,0,295,0,99,62,6,0
2017-10-01,1,1,180,180,126,60,1,0
2017-10-01,1,2,18,0,11,0,4,0
2017-10-01,1,3,20,0,14,11,0,0
2017-10-01,1,4,104,0,77,70,9,9
2017-10-01,1,5,42,0,42,41,2,2
2017-10-01,1,6,166,0,12,12,0,0
2017-10-01,1,7,176,70,8,3,0,0
2017-10-01,1,8,77,30,10,2,0,0
2017-10-01,1,9,78,0,72,60,0,0
2017-10-01,1,10,22,0,11,11,0,0
2017-10-01,1,11,176,0,53,39,19,6
2017-10-01,0,12,250,0,91,0,30,0
2017-10-01,0,13,46,0,45,0,45,0
2017-10-01,0,14,140,0,15,0,16,0
2017-10-01,0,15,190,0,9,0,3,1
2017-10-01,0,16,80,0,8,0,3,0
2017-10-01,0,17,37,0,8,0,2,0
2017-10-01,0,18,30,0,1,0,0,0
2017-10-01,0,19,20,0,1,0,0,0
2017-10-01,0,20,50,0,29,0,5,0
2017-10-01,0,21,50,0,22,0,10,0
2017-10-01,0,22,2500,0,0,0,0,0
2017-10-01,0,23,120,0,8,0,5,0
2017-10-01,0,24,0,0,0,0,0,0
2017-10-01,0,25,10,0,1,0,0,5
2017-10-01,0,26,111,0,6,0,10,0
2017-10-01,0,27,40,0,6,0,5,0
2017-10-01,0,28,170,0,6,6,20,12
2017-10-01,0,29,40,0,6,1,10,2
2017-10-01,0,30,15,0,4,0,5,0
2017-11-01,1,0,295,0,100,62,30,16
2017-11-01,1,1,187,0,125,0,1,0
2017-11-01,1,2,19,0,11,0,3,0
2017-11-01,1,3,20,0,14,11,0,0
2017-11-01,1,4,103,0,74,69,12,12
2017-11-01,1,5,44,44,44,43,4,4
2017-11-01,1,6,160,0,12,12,0,0
2017-11-01,1,7,195,30,7,3,0,0
2017-11-01,1,8,82,15,10,2,0,0
2017-11-01,1,9,120,0,71,60,0,0
2017-11-01,1,10,20,0,11,0,0,0
2017-11-01,1,11,176,0,53,39,33,20
2017-11-01,0,12,250,0,97,0,17,0
2017-11-01,0,13,44,0,38,0,46,0
2017-11-01,0,14,140,0,16,0,5,0
2017-11-01,0,15,200,0,10,0,12,0
2017-11-01,0,16,80,0,8,0,10,0
2017-11-01,0,17,40,0,11,0,10,0
2017-11-01,0,18,20,0,1,0,0,0
2017-11-01,0,19,5,0,1,0,0,0
2017-11-01,0,20,50,0,27,1,9,0
2017-11-01,0,21,50,0,20,0,8,0
2017-11-01,0,23,150,0,8,0,12,0
2017-11-01,0,24,0,0,0,0,0,0
2017-11-01,0,25,10,0,1,0,0,3
2017-11-01,0,26,111,0,7,0,12,0
2017-11-01,0,27,40,0,6,0,5,0
2017-11-01,0,28,120,0,8,8,22,22
2017-11-01,0,29,40,0,5,1,10,0
2017-11-01,0,30,20,0,4,0,2,0
2017-12-01,1,0,320,0,101,62,30,13
2017-12-01,1,1,187,187,125,58,2,0
2017-12-01,1,2,20,0,12,0,11,0
2017-12-01,1,3,17,0,14,0,0,0
2017-12-01,1,4,126,0,76,76,0,0
2017-12-01,1,5,44,44,44,43,4,4
2017-12-01,1,6,160,0,12,12,0,0
2017-12-01,1,7,152,30,6,3,0,0
2017-12-01,1,8,60,15,10,2,0,0
2017-12-01,1,9,71,0,71,60,3,0
2017-12-01,1,10,20,0,11,11,10,0
2017-12-01,1,11,170,0,53,39,35,18
2017-12-01,0,12,230,0,97,0,17,0
2017-12-01,0,13,55,0,36,0,40,0
2017-12-01,0,14,140,0,14,0,30,0
2017-12-01,0,15,210,0,10,0,20,0
2017-12-01,0,16,80,0,8,0,0,0
2017-12-01,0,17,40,0,10,0,0,0
2017-12-01,0,18,20,0,1,0,0,0
2017-12-01,0,19,5,0,1,0,0,0
2017-12-01,0,20,50,0,27,1,6,0
2017-12-01,0,21,50,0,20,0,6,0
2017-12-01,0,23,150,0,7,0,10,0
2017-12-01,0,24,5,0,0,0,0,0
2017-12-01,0,25,10,0,1,0,0,0
2017-12-01,0,26,111,0,9,0,10,0
2017-12-01,0,27,40,0,6,0,8,0
2017-12-01,0,28,115,0,8,8,0,0
2017-12-01,0,29,40,0,6,1,5,0
2017-12-01,0,30,20,0,4,0,5,0
2017-12-01,0,31,60,0,2,0,10,0
2017-12-01,0,32,300,0,4,0,60,0
2018-01-01,1,0,330,0,103,62,20,13
2018-01-01,1,1,187,187,122,58,9,0
2018-01-01,1,2,20,0,12,0,6,0
2018-01-01,1,3,13,0,13,0,0,0
2018-01-01,1,4,118,0,75,73,9,0
2018-01-01,1,5,43,43,43,42,18,0
2018-01-01,1,6,160,0,12,12,0,0
2018-01-01,1,7,160,20,6,3,0,0
2018-01-01,1,8,70,15,9,2,0,0
2018-01-01,1,9,81,0,71,60,3,0
2018-01-01,1,10,23,0,10,10,6,0
2018-01-01,1,11,180,0,53,39,14,0
2018-01-01,0,12,230,0,103,0,20,0
2018-01-01,0,13,55,0,40,0,35,0
2018-01-01,0,14,200,0,12,0,25,0
2018-01-01,0,15,215,0,11,0,75,0
2018-01-01,0,16,80,0,9,0,0,0
2018-01-01,0,17,30,0,9,0,0,0
2018-01-01,0,18,20,0,1,0,0,0
2018-01-01,0,19,5,0,1,0,0,0
2018-01-01,0,20,50,0,20,0,8,0
2018-01-01,0,21,50,0,18,0,7,0
2018-01-01,0,23,150,0,7,0,12,0
2018-01-01,0,24,0,0,0,0,0,0
2018-01-01,0,25,10,0,1,0,0,0
2018-01-01,0,26,111,0,7,0,10,0
2018-01-01,0,27,40,0,6,0,10,0
2018-01-01,0,28,113,0,8,8,11,0
2018-01-01,0,29,80,0,7,1,10,1
2018-01-01,0,30,20,0,3,0,5,0
2018-01-01,0,31,60,0,5,0,10,0
2018-01-01,0,32,330,0,6,0,20,0
2018-02-01,1,0,317,0,103,62,20,13
2018-02-01,1,1,187,187,121,58,7,0
2018-02-01,1,2,21,0,12,0,6,0
2018-02-01,1,3,10,0,10,10,0,0
2018-02-01,1,4,118,0,79,77,10,8
2018-02-01,1,5,43,43,43,42,17,17
2018-02-01,1,6,160,0,12,12,0,0
2018-02-01,1,7,160,20,6,3,0,0
2018-02-01,1,8,70,15,9,2,0,0
2018-02-01,1,9,81,0,71,60,4,0
2018-02-01,1,10,22,0,10,10,2,0
2018-02-01,1,11,180,0,53,39,14,0
2018-02-01,0,12,230,0,106,0,20,0
2018-02-01,0,13,55,0,39,0,25,0
2018-02-01,0,14,200,0,14,0,20,0
2018-02-01,0,15,220,0,12,0,33,0
2018-02-01,0,16,100,0,8,0,5,0
2018-02-01,0,17,30,0,7,0,0,0
2018-02-01,0,18,20,0,1,0,0,0
2018-02-01,0,19,5,0,1,0,0,0
2018-02-01,0,20,50,0,20,1,8,0
2018-02-01,0,21,50,0,19,0,9,0
2018-02-01,0,23,150,0,7,0,7,0
2018-02-01,0,24,0,0,0,0,0,0
2018-02-01,0,25,10,0,1,0,0,0
2018-02-01,0,26,120,0,7,0,10,0
2018-02-01,0,27,40,0,6,0,10,0
2018-02-01,0,28,111,0,23,23,10,4
2018-02-01,0,29,80,0,7,1,5,0
2018-02-01,0,30,20,0,3,0,5,0
2018-02-01,0,31,65,0,10,0,10,0
2018-02-01,0,32,350,0,8,0,15,0
2018-03-01,1,0,333,0,108,69,0,0
2018-03-01,1,1,178,178,124,58,10,7
2018-03-01,1,2,20,0,11,0,0,0
2018-03-01,1,3,10,0,10,0,0,0
2018-03-01,1,4,118,0,82,82,0,0
2018-03-01,1,5,46,46,46,45,14,14
2018-03-01,1,6,150,0,12,0,9,0
2018-03-01,1,7,148,20,6,3,0,0
2018-03-01,1,8,65,20,7,2,0,0
2018-03-01,1,9,80,0,68,58,0,0
2018-03-01,1,10,22,0,10,10,0,0
2018-03-01,1,11,180,0,53,38,15,0
2018-03-01,0,12,230,0,104,0,20,0
2018-03-01,0,13,60,0,38,0,40,0
2018-03-01,0,14,200,0,13,0,45,0
2018-03-01,0,15,180,0,11,0,0,0
2018-03-01,0,16,100,0,7,0,15,0
2018-03-01,0,17,25,0,7,0,0,0
2018-03-01,0,18,50,0,1,0,0,1
2018-03-01,0,19,10,0,1,0,0,0
2018-03-01,0,20,50,0,23,1,9,1
2018-03-01,0,21,50,0,14,0,3,0
2018-03-01,0,23,150,0,6,0,25,0
2018-03-01,0,24,0,0,0,0,0,0
2018-03-01,0,25,10,0,1,0,0,0
2018-03-01,0,26,120,0,7,0,10,0
2018-03-01,0,27,50,0,10,0,10,0
2018-03-01,0,28,170,0,29,29,0,0
2018-03-01,0,29,80,0,6,1,0,0
2018-03-01,0,31,70,0,15,0,0,0
2018-03-01,0,32,300,0,7,0,0,0
2018-04-01,1,0,312,0,108,69,3,0
2018-04-01,1,1,186,186,123,56,7,7
2018-04-01,1,2,20,0,11,0,1,0
2018-04-01,1,3,10,0,10,10,0,0
2018-04-01,1,4,169,0,129,128,0,0
2018-04-01,1,5,47,47,47,46,0,0
2018-04-01,1,6,150,0,13,13,8,8
2018-04-01,1,7,130,20,5,2,0,0
2018-04-01,1,8,60,20,7,2,0,0
2018-04-01,1,9,75,0,64,56,6,3
2018-04-01,1,10,22,0,10,10,0,0
2018-04-01,1,11,180,0,66,54,2,0
2018-04-01,0,12,230,0,104,0,0,0
2018-04-01,0,13,75,0,35,0,40,0
2018-04-01,0,14,220,0,18,0,20,0
2018-04-01,0,15,180,0,10,0,5,0
2018-04-01,0,16,100,0,7,0,0,0
2018-04-01,0,17,25,0,7,0,0,0
2018-04-01,0,19,10,0,1,0,0,0
2018-04-01,0,20,50,0,23,1,9,1
2018-04-01,0,21,50,0,14,0,2,0
2018-04-01,0,23,150,0,7,0,15,0
2018-04-01,0,24,0,0,0,0,0,0
2018-04-01,0,26,120,0,7,0,5,0
2018-04-01,0,27,45,0,10,0,10,0
2018-04-01,0,28,140,0,29,29,0,0
2018-04-01,0,29,70,0,6,1,0,0
2018-04-01,0,31,60,0,10,0,0,0
2018-04-01,0,32,280,0,7,0,0,0
2018-05-01,0,12,220,0,108,0,5,0
2018-05-01,0,13,75,0,35,0,60,0
2018-05-01,0,14,220,0,18,0,10,0
2018-05-01,0,15,180,0,10,0,5,0
2018-05-01,0,16,100,0,7,0,0,0
2018-05-01,0,17,25,0,7,0,1,0
2018-05-01,0,20,50,0,22,1,5,1
2018-05-01,0,21,50,0,14,0,2,0
2018-05-01,0,23,160,0,8,0,5,0
2018-05-01,0,33,0,0,0,0,15,0
2018-05-01,0,26,100,0,3,0,0,0
2018-05-01,0,27,45,0,10,0,10,0
2018-05-01,0,28,135,0,29,29,0,2
2018-05-01,0,29,55,0,6,1,0,0
2018-05-01,0,31,50,0,8,0,0,0
2018-05-01,0,32,270,0,6,0,0,0
2018-05-01,1,0,302,0,108,69,2,1
2018-05-01,1,1,182,182,126,63,2,0
2018-05-01,1,2,20,0,11,0,5,0
2018-05-01,1,3,9,0,9,9,0,0
2018-05-01,1,4,183,53,129,83,48,48
2018-05-01,1,5,53,53,53,52,6,6
2018-05-01,1,6,150,0,14,14,7,7
2018-05-01,1,7,130,20,4,2,0,1
2018-05-01,1,8,58,20,7,2,0,0
2018-05-01,1,9,75,0,64,54,3,5
2018-05-01,1,10,22,0,10,10,0,0
2018-05-01,1,11,180,0,79,67,2,0
2018-06-01,1,0,300,0,107,68,12,2
2018-06-01,1,1,188,188,124,63,7,0
2018-06-01,1,2,18,0,10,0,16,0
2018-06-01,1,3,9,0,9,9,0,0
2018-06-01,1,4,184,59,143,83,48,48
2018-06-01,1,5,59,59,59,58,0,0
2018-06-01,1,6,150,0,21,21,0,0
2018-06-01,1,7,127,20,3,2,0,0
2018-06-01,1,8,58,20,7,2,0,0
2018-06-01,1,9,80,0,69,59,0,0
2018-06-01,1,10,1,0,1,1,0,0
2018-06-01,1,11,190,0,79,67,0,0
2018-06-01,0,12,220,0,104,0,0,0
2018-06-01,0,13,70,0,29,0,40,0
2018-06-01,0,14,220,0,18,0,10,0
2018-06-01,0,15,150,0,8,0,3,0
2018-06-01,0,16,100,0,7,0,3,0
2018-06-01,0,17,25,0,7,0,0,0
2018-06-01,0,20,50,0,22,1,8,0
2018-06-01,0,21,50,0,10,0,2,0
2018-06-01,0,23,170,0,8,0,15,0
2018-06-01,0,33,20,0,1,0,20,0
2018-06-01,0,26,100,0,3,0,0,0
2018-06-01,0,27,45,0,8,0,10,0
2018-06-01,0,28,130,0,30,30,2,2
2018-06-01,0,29,40,0,4,1,2,0
2018-06-01,0,31,45,0,7,0,0,0
2018-06-01,0,32,265,0,6,0,0,0
2018-06-01,0,34,80,0,11,1,2,0
2018-07-01,1,0,342,0,116,66,2,5
2018-07-01,1,1,188,188,125,63,19,10
2018-07-01,1,2,18,0,10,0,15,0
2018-07-01,1,3,9,0,9,9,3,0
2018-07-01,1,4,184,59,143,83,93,93
2018-07-01,1,5,59,59,59,58,0,0
2018-07-01,1,6,150,0,21,21,0,0
2018-07-01,1,7,124,20,3,2,0,0
2018-07-01,1,8,56,20,7,2,0,0
2018-07-01,1,9,80,0,65,58,0,0
2018-07-01,1,10,3,0,1,1,0,0
2018-07-01,1,11,190,0,79,67,8,0
2018-07-01,0,12,210,40,97,0,10,0
2018-07-01,0,13,70,0,28,0,20,0
2018-07-01,0,14,220,0,19,0,5,0
2018-07-01,0,15,150,0,7,0,20,0
2018-07-01,0,16,100,0,5,0,3,0
2018-07-01,0,17,25,0,7,0,0,0
2018-07-01,0,20,50,0,22,1,8,0
2018-07-01,0,21,50,0,10,0,17,0
2018-07-01,0,23,175,0,8,0,15,0
2018-07-01,0,33,20,0,3,0,20,0
2018-07-01,0,26,100,0,3,0,1,0
2018-07-01,0,27,48,0,9,0,10,0
2018-07-01,0,28,130,0,32,32,0,0
2018-07-01,0,29,30,0,3,1,0,0
2018-07-01,0,31,40,0,6,0,0,0
2018-07-01,0,32,250,0,5,0,0,0
2018-07-01,0,34,80,0,11,1,10,0
2018-08-01,1,0,365,0,112,66,5,5
2018-08-01,1,1,189,189,126,63,8,8
2018-08-01,1,2,19,0,11,0,5,0
2018-08-01,1,3,9,0,9,9,3,0
2018-08-01,1,4,184,59,143,83,93,93
2018-08-01,1,5,58,58,58,57,15,15
2018-08-01,1,6,150,0,21,21,0,0
2018-08-01,1,7,124,20,3,2,0,0
2018-08-01,1,8,56,20,7,2,0,0
2018-08-01,1,9,80,0,67,58,1,0
2018-08-01,1,10,8,0,0,0,0,0
2018-08-01,1,11,200,0,78,66,0,0
2018-08-01,0,12,220,40,93,0,0,0
2018-08-01,0,13,80,0,28,0,5,0
2018-08-01,0,14,200,0,18,0,15,0
2018-08-01,0,15,140,0,6,0,20,0
2018-08-01,0,16,100,0,5,0,0,0
2018-08-01,0,17,30,0,7,0,0,0
2018-08-01,0,20,50,0,21,1,6,0
2018-08-01,0,21,50,0,10,0,13,0
2018-08-01,0,23,180,0,8,0,6,0
2018-08-01,0,33,40,0,7,0,15,0
2018-08-01,0,26,80,0,2,0,3,0
2018-08-01,0,27,45,0,8,0,10,0
2018-08-01,0,28,130,0,31,31,0,0
2018-08-01,0,29,30,0,3,1,0,0
2018-08-01,0,31,40,0,6,0,0,0
2018-08-01,0,32,230,0,4,0,0,0
2018-08-01,0,34,80,0,11,1,10,0
2018-08-01,0,35,1,0,0,0,10,10
2018-09-01,1,0,356,0,108,66,40,7
2018-09-01,1,1,195,195,132,66,12,10
2018-09-01,1,2,38,0,10,0,0,0
2018-09-01,1,3,9,0,9,9,2,0
2018-09-01,1,4,180,58,143,95,80,80
2018-09-01,1,5,58,58,58,57,15,15
2018-09-01,1,6,150,0,21,21,0,0
2018-09-01,1,7,117,20,3,2,0,0
2018-09-01,1,8,46,20,9,2,0,0
2018-09-01,1,9,80,0,67,58,1,0
2018-09-01,1,10,7,0,0,0,0,0
2018-09-01,1,11,210,0,79,65,15,0
2018-09-01,0,12,220,40,93,0,5,0
2018-09-01,0,13,80,0,24,0,4,0
2018-09-01,0,14,200,0,17,0,5,0
2018-09-01,0,15,140,0,8,0,30,0
2018-09-01,0,16,70,0,5,0,0,0
2018-09-01,0,17,50,0,9,0,12,0
2018-09-01,0,20,50,0,21,1,6,0
2018-09-01,0,21,50,0,12,0,3,0
2018-09-01,0,23,190,0,6,0,0,0
2018-09-01,0,33,40,0,5,0,0,0
2018-09-01,0,26,70,0,2,0,2,0
2018-09-01,0,27,45,0,8,0,10,0
2018-09-01,0,28,120,0,32,31,2,2
2018-09-01,0,29,20,0,4,1,0,0
2018-09-01,0,31,40,0,7,0,1,0
2018-09-01,0,32,250,0,4,0,0,0
2018-09-01,0,34,80,0,12,1,10,0
2018-09-01,0,35,5,0,0,0,8,8
2018-09-01,0,36,20,0,12,0,2,0
2018-10-01,1,0,340,0,108,66,30,0
2018-10-01,1,1,194,194,131,66,11,11
2018-10-01,1,2,38,0,10,0,2,0
2018-10-01,1,3,10,0,10,9,0,0
2018-10-01,1,4,200,57,143,107,33,33
2018-10-01,1,5,57,57,57,57,15,15
2018-10-01,1,6,150,0,21,21,0,0
2018-10-01,1,7,112,20,3,2,0,0
2018-10-01,1,8,46,20,9,2,0,0
2018-10-01,1,9,80,0,67,58,0,0
2018-10-01,1,10,5,0,0,0,0,0
2018-10-01,1,11,220,0,76,65,5,0
2018-10-01,0,12,210,0,92,0,5,0
2018-10-01,0,13,80,0,28,0,4,0
2018-10-01,0,14,40,0,16,0,5,0
2018-10-01,0,15,140,0,9,0,30,0
2018-10-01,0,16,50,0,5,0,0,0
2018-10-01,0,17,60,0,9,0,0,0
2018-10-01,0,20,50,0,21,1,6,0
2018-10-01,0,21,50,0,10,0,5,0
2018-10-01,0,23,190,0,7,0,3,0
2018-10-01,0,33,40,0,3,0,2,0
2018-10-01,0,26,40,0,2,0,0,0
2018-10-01,0,27,45,0,9,0,0,0
2018-10-01,0,28,118,0,30,29,3,3
2018-10-01,0,29,15,0,3,1,0,0
2018-10-01,0,31,40,0,7,0,1,0
2018-10-01,0,32,260,0,4,0,30,0
2018-10-01,0,34,80,0,13,1,10,1
2018-10-01,0,35,5,0,0,0,7,7
2018-10-01,0,36,20,0,13,0,0,0
2018-11-01,1,0,340,0,108,66,20,0
2018-11-01,1,1,200,200,137,75,7,6
2018-11-01,1,2,20,0,10,0,3,0
2018-11-01,1,3,11,0,11,9,0,0
2018-11-01,1,4,203,57,166,107,33,33
2018-11-01,1,5,57,57,57,57,15,15
2018-11-01,1,6,150,0,21,21,0,0
2018-11-01,1,7,110,20,3,2,0,0
2018-11-01,1,8,46,20,9,2,0,0
2018-11-01,1,9,70,0,57,51,0,0
2018-11-01,1,10,0,0,0,0,0,0
2018-11-01,1,11,230,0,79,65,4,0
2018-11-01,0,12,190,0,92,0,0,0
2018-11-01,0,13,80,0,27,0,5,0
2018-11-01,0,14,200,0,15,0,3,0
2018-11-01,0,15,140,0,7,0,20,0
2018-11-01,0,16,50,0,5,0,0,0
2018-11-01,0,17,40,0,9,0,0,0
2018-11-01,0,20,20,0,19,1,7,1
2018-11-01,0,21,50,0,10,0,5,0
2018-11-01,0,23,200,0,5,0,17,0
2018-11-01,0,33,40,0,3,0,2,0
2018-11-01,0,26,20,0,1,0,0,0
2018-11-01,0,27,42,0,8,0,0,0
2018-11-01,0,28,121,0,30,29,3,3
2018-11-01,0,29,13,0,3,1,0,0
2018-11-01,0,31,40,0,6,0,0,0
2018-11-01,0,32,280,0,5,0,27,0
2018-11-01,0,34,80,0,15,1,0,1
2018-11-01,0,35,8,0,0,0,5,5
2018-11-01,0,36,25,0,12,0,0,0
2018-12-01,1,0,340,0,117,69,20,43
2018-12-01,1,1,200,200,137,74,6,6
2018-12-01,1,2,25,0,10,0,0,0
2018-12-01,1,3,11,0,11,9,0,0
2018-12-01,1,4,203,57,177,118,22,22
2018-12-01,1,5,57,57,57,57,15,15
2018-12-01,1,6,150,0,21,21,0,0
2018-12-01,1,7,100,20,3,2,0,0
2018-12-01,1,8,46,20,9,2,0,0
2018-12-01,1,9,65,0,57,51,0,0
2018-12-01,1,10,7,0,0,0,0,0
2018-12-01,1,11,230,0,79,65,9,0
2019-01-01,1,0,340,0,118,68,51,36
2019-01-01,1,1,205,205,142,69,2,0
2019-01-01,1,2,30,0,9,0,0,0
2019-01-01,1,3,11,0,11,9,0,0
2019-01-01,1,4,240,57,202,118,33,33
2019-01-01,1,5,60,60,60,60,9,9
2019-01-01,1,6,150,0,21,21,0,0
2019-01-01,1,7,90,20,3,2,0,0
2019-01-01,1,8,46,20,9,2,0,0
2019-01-01,1,9,65,0,57,51,0,0
2019-01-01,1,37,21,0,5,0,0,0
2019-01-01,1,10,5,0,0,0,0,0
2019-01-01,1,11,230,0,76,63,10,0
2019-01-01,0,12,180,0,87,0,0,0
2019-01-01,0,13,130,0,27,0,10,0
2019-01-01,0,20,50,0,21,1,7,0
2019-01-01,0,14,200,0,14,0,20,0
2019-01-01,0,15,140,0,7,0,3,0
2019-01-01,0,28,101,0,29,28,0,0
2019-01-01,0,29,13,0,3,1,0,0
2019-01-01,0,38,28,0,19,8,0,0
2019-01-01,0,36,22,0,11,0,0,0
2019-01-01,0,39,8,0,8,0,10,0
2019-01-01,0,21,50,0,10,0,5,0
2019-01-01,0,16,50,0,5,0,10,0
2019-01-01,0,17,40,0,9,0,0,0
2019-01-01,0,40,50,0,10,0,1,0
2019-01-01,0,41,100,0,7,0,5,0
2019-01-01,0,27,25,0,5,0,0,0
2019-01-01,0,31,40,0,6,0,0,0
2019-01-01,0,42,40,0,5,0,5,0
2019-01-01,0,23,210,0,5,0,14,0
2019-01-01,0,43,10,0,5,0,1,0
2019-01-01,0,44,60,0,5,0,0,0
2019-01-01,0,45,4,0,4,0,3,0
2019-01-01,0,46,50,0,4,0,2,0
2019-01-01,0,32,290,0,6,0,10,0
2019-01-01,0,48,20,0,2,0,15,0
2019-01-01,0,49,30,0,2,0,0,0
2019-01-01,0,50,60,0,3,0,0,0
2019-01-01,0,51,5,0,3,0,0,0
2019-01-01,0,52,3,0,2,0,0,0
2019-01-01,0,33,30,0,2,0,3,0
2019-01-01,0,26,20,0,1,0,0,0
2019-01-01,0,34,80,0,15,0,5,0
2019-01-01,0,35,8,0,0,0,3,3
2019-01-01,0,53,3,0,1,0,1,0
2019-01-01,0,54,2,0,1,0,1,0
2019-01-01,0,55,0,0,0,0,2,0
2019-01-01,0,56,1,0,0,0,0,0
2019-01-01,0,57,8,0,2,1,0,0
2019-01-01,0,58,100,0,1,0,0,0
2019-01-01,0,59,1,0,1,0,6,0
2019-01-01,0,60,20,0,1,0,0,0
2019-01-01,0,61,1,0,1,0,5,0
2019-01-01,0,62,30,0,5,0,1,0
2019-01-01,0,63,5,0,1,0,0,0
2019-01-01,0,64,180,0,2,0,5,4
2019-02-01,1,0,340,0,118,67,30,25
2019-02-01,1,1,200,200,142,79,0,0
2019-02-01,1,2,30,0,9,0,0,0
2019-02-01,1,3,13,0,12,9,1,0
2019-02-01,1,4,240,0,213,143,0,32
2019-02-01,1,5,71,71,71,71,0,0
2019-02-01,1,6,150,0,21,21,0,0
2019-02-01,1,7,90,20,3,2,0,0
2019-02-01,1,8,46,20,9,2,0,0
2019-02-01,1,37,21,0,5,0,0,0
2019-02-01,1,11,230,0,76,63,3,0
2019-02-01,0,12,170,0,86,0,0,0
2019-02-01,0,64,200,0,2,0,5,3
2019-02-01,0,28,121,0,28,28,0,0
2019-02-01,0,29,13,0,3,1,0,0
2019-02-01,0,13,100,0,27,0,5,0
2019-02-01,0,14,200,0,14,0,0,0
2019-02-01,0,15,140,0,8,0,5,0
2019-02-01,0,38,28,0,22,11,1,0
2019-02-01,0,34,50,0,17,1,1,0
2019-02-01,0,36,20,0,11,0,0,0
2019-02-01,0,21,50,0,10,0,1,0
2019-02-01,0,40,50,0,10,0,1,0
2019-02-01,0,17,40,0,9,0,0,0
2019-02-01,0,16,50,0,5,0,0,0
2019-02-01,0,39,7,0,7,0,0,0
2019-02-01,0,41,98,0,7,0,7,0
2019-02-01,0,31,40,0,6,0,0,0
2019-02-01,0,32,295,0,4,0,5,0
2019-02-01,0,27,20,0,5,0,0,0
2019-02-01,0,42,30,0,5,0,3,0
2019-02-01,0,23,200,0,5,0,2,0
2019-02-01,0,43,30,0,5,0,1,0
2019-02-01,0,44,60,0,5,0,0,0
2019-02-01,0,62,30,0,1,0,0,0
2019-02-01,0,45,4,0,4,0,3,0
2019-02-01,0,46,50,0,4,0,2,0
2019-02-01,0,50,60,0,2,0,3,0
2019-02-01,0,51,8,0,3,0,0,0
2019-02-01,0,48,20,0,2,0,0,0
2019-02-01,0,49,20,0,2,0,0,0
2019-02-01,0,52,10,0,1,0,0,0
2019-02-01,0,33,28,0,1,0,0,0
2019-02-01,0,57,8,0,2,0,0,1
2019-02-01,0,26,18,0,1,0,0,0
2019-02-01,0,53,3,0,3,0,0,1
2019-02-01,0,54,5,0,2,1,2,0
2019-02-01,0,58,100,0,1,0,3,0
2019-02-01,0,59,10,0,1,0,6,0
2019-02-01,0,60,20,0,1,0,5,0
2019-02-01,0,61,3,0,1,0,5,0
2019-02-01,0,63,5,0,1,0,0,0
2019-02-01,0,20,39,0,10,1,5,0
2019-02-01,0,35,8,0,0,0,3,3
2019-02-01,0,55,0,0,0,0,2,0
2019-02-01,0,56,1,0,1,0,0,0
2019-02-01,0,65,5,0,1,0,0,0
2019-02-01,0,66,25,0,1,0,5,0
2019-03-01,1,0,340,0,118,72,23,21
2019-03-01,1,1,204,204,141,76,12,8
2019-03-01,1,2,30,0,10,0,0,0
2019-03-01,1,3,13,0,11,9,0,0
2019-03-01,1,4,240,0,213,143,32,32
2019-03-01,1,5,71,71,71,71,20,20
2019-03-01,1,6,150,0,21,21,0,0
2019-03-01,1,7,0,20,0,0,0,0
2019-03-01,1,8,21,20,1,0,0,0
2019-03-01,1,9,60,0,53,50,0,0
2019-03-01,1,37,21,0,5,0,0,0
2019-03-01,1,11,240,0,78,62,1,0
2019-03-01,0,12,170,0,79,0,0,0
2019-03-01,0,64,200,0,2,0,5,3
2019-03-01,0,28,120,0,28,28,0,0
2019-03-01,0,29,13,0,2,0,0,0
2019-03-01,0,13,120,0,29,0,0,0
2019-03-01,0,14,200,0,12,0,3,0
2019-03-01,0,15,140,0,8,0,0,0
2019-03-01,0,38,28,0,22,11,0,0
2019-03-01,0,34,13,0,11,9,0,0
2019-03-01,0,36,20,0,10,0,0,0
2019-03-01,0,21,50,0,10,0,1,0
2019-03-01,0,40,50,0,10,0,1,0
2019-03-01,0,17,35,0,9,0,0,0
2019-03-01,0,16,50,0,5,0,0,0
2019-03-01,0,39,7,0,7,0,2,0
2019-03-01,0,41,100,0,7,0,2,0
2019-03-01,0,31,40,0,6,0,0,0
2019-03-01,0,32,295,0,5,0,0,0
2019-03-01,0,27,20,0,4,0,0,0
2019-03-01,0,42,30,0,6,0,4,0
2019-03-01,0,23,100,0,7,0,5,0
2019-03-01,0,43,30,0,5,0,1,0
2019-03-01,0,44,60,0,5,0,0,0
2019-03-01,0,67,30,0,2,0,0,0
2019-03-01,0,45,4,0,4,0,3,0
2019-03-01,0,46,50,0,3,0,1,0
2019-03-01,0,50,80,0,2,0,0,0
2019-03-01,0,51,8,0,3,0,0,0
2019-03-01,0,48,15,0,2,0,0,0
2019-03-01,0,49,30,0,2,0,0,0
2019-03-01,0,52,8,0,0,0,0,0
2019-03-01,0,33,20,0,1,0,5,0
2019-03-01,0,57,8,0,2,1,0,0
2019-03-01,0,26,15,0,1,0,0,0
2019-03-01,0,53,3,0,1,0,0,0
2019-03-01,0,54,5,0,2,1,2,0
2019-03-01,0,58,100,0,1,0,0,0
2019-03-01,0,59,10,0,1,0,3,0
2019-03-01,0,60,20,0,1,0,0,0
2019-03-01,0,61,3,0,1,0,5,0
2019-03-01,0,63,5,0,0,0,0,0
2019-03-01,0,20,39,0,10,1,5,0
2019-03-01,0,35,8,0,0,0,3,3
2019-03-01,0,56,1,0,1,0,0,0
2019-03-01,0,65,5,0,1,0,0,0
2019-03-01,0,66,25,0,2,0,1,0
2019-03-01,0,68,90,0,3,0,0,0
2019-03-01,0,69,150,0,1,0,0,0
2019-04-01,1,0,360,0,124,72,23,21
2019-04-01,1,1,203,203,140,77,9,9
2019-04-01,1,2,30,0,10,0,2,0
2019-04-01,1,3,12,0,11,9,0,0
2019-04-01,1,4,268,0,147,147,48,48
2019-04-01,1,5,75,75,75,73,36,36
2019-04-01,1,6,150,0,21,21,0,0
2019-04-01,1,7,0,0,0,0,0,0
2019-04-01,1,8,0,0,0,0,0,0
2019-04-01,1,9,60,0,53,50,0,0
2019-04-01,1,37,21,0,5,0,0,0
2019-04-01,1,11,240,0,78,62,10,10
2019-04-01,0,12,170,0,80,0,2,0
2019-04-01,0,64,200,0,2,0,5,3
2019-04-01,0,28,95,0,27,27,0,0
2019-04-01,0,29,13,0,2,0,1,0
2019-04-01,0,13,120,0,27,0,5,0
2019-04-01,0,14,200,0,12,0,2,0
2019-04-01,0,15,140,0,8,0,1,0
2019-04-01,0,38,28,0,22,11,3,0
2019-04-01,0,34,50,0,15,1,0,0
2019-04-01,0,36,20,0,10,0,0,0
2019-04-01,0,21,50,0,8,0,1,0
2019-04-01,0,40,50,0,10,0,2,0
2019-04-01,0,17,35,0,9,0,0,0
2019-04-01,0,16,50,0,5,0,0,0
2019-04-01,0,39,20,0,7,0,0,0
2019-04-01,0,41,100,0,7,0,0,0
2019-04-01,0,31,40,0,6,0,0,0
2019-04-01,0,32,270,0,5,0,0,0
2019-04-01,0,27,15,0,4,0,0,0
2019-04-01,0,42,30,0,6,0,4,0
2019-04-01,0,23,100,0,6,0,0,0
2019-04-01,0,43,30,0,5,0,1,0
2019-04-01,0,44,55,5,0,0,0,0
2019-04-01,0,67,30,0,2,0,0,0
2019-04-01,0,46,50,0,3,0,0,0
2019-04-01,0,50,80,0,2,0,0,0
2019-04-01,0,51,8,0,3,0,0,0
2019-04-01,0,48,15,0,2,0,0,0
2019-04-01,0,49,30,0,2,0,0,0
2019-04-01,0,33,20,0,1,0,2,0
2019-04-01,0,57,8,0,2,1,0,0
2019-04-01,0,26,15,0,1,0,0,0
2019-04-01,0,53,3,0,1,1,0,0
2019-04-01,0,54,2,0,2,1,1,0
2019-04-01,0,58,100,0,1,0,0,0
2019-04-01,0,59,10,0,1,0,3,0
2019-04-01,0,60,20,0,1,0,0,0
2019-04-01,0,61,5,0,1,0,7,0
2019-04-01,0,63,0,0,0,0,0,0
2019-04-01,0,20,38,0,9,1,5,1
2019-04-01,0,35,8,0,0,0,3,3
2019-04-01,0,56,1,0,1,0,0,0
2019-04-01,0,65,5,0,1,0,0,0
2019-04-01,0,66,25,0,2,0,0,0
2019-04-01,0,68,80,0,3,0,0,0
2019-04-01,0,69,130,0,1,0,0,0
2019-05-01,1,0,360,0,126,74,23,21
2019-05-01,1,1,204,204,143,77,9,9
2019-05-01,1,2,40,0,10,0,0,0
2019-05-01,1,3,12,0,11,9,0,0
2019-05-01,1,4,268,0,152,152,48,48
2019-05-01,1,5,75,75,75,73,30,30
2019-05-01,1,6,150,0,21,21,0,0
2019-05-01,1,7,0,0,0,0,0,0
2019-05-01,1,8,0,0,0,0,0,0
2019-05-01,1,9,60,0,49,47,0,0
2019-05-01,1,37,21,0,5,0,0,0
2019-05-01,1,11,240,0,74,62,6,0
2019-05-01,0,12,150,0,77,0,0,0
2019-05-01,0,64,200,0,2,0,3,3
2019-05-01,0,28,90,0,25,25,0,0
2019-05-01,0,29,13,0,2,0,0,0
2019-05-01,0,13,120,0,28,0,5,0
2019-05-01,0,14,200,0,11,0,2,0
2019-05-01,0,15,140,0,8,0,1,0
2019-05-01,0,38,28,0,22,12,6,6
2019-05-01,0,34,80,0,16,1,2,0
2019-05-01,0,36,20,0,10,0,0,0
2019-05-01,0,21,50,0,8,0,1,0
2019-05-01,0,40,50,0,10,0,2,0
2019-05-01,0,17,35,0,9,0,0,0
2019-05-01,0,16,50,0,4,0,0,0
2019-05-01,0,39,20,0,6,0,2,0
2019-05-01,0,41,100,0,7,0,0,0
2019-05-01,0,31,40,0,6,0,0,0
2019-05-01,0,32,170,0,3,0,0,0
2019-05-01,0,27,13,0,4,0,0,0
2019-05-01,0,42,30,0,6,0,4,0
2019-05-01,0,23,103,0,6,0,3,0
2019-05-01,0,43,30,0,4,0,1,0
2019-05-01,0,44,50,0,5,0,0,0
2019-05-01,0,67,30,0,2,0,0,0
2019-05-01,0,45,10,0,4,0,0,0
2019-05-01,0,46,50,0,3,0,0,0
2019-05-01,0,50,10,0,2,0,0,0
2019-05-01,0,51,8,0,3,0,0,0
2019-05-01,0,48,15,0,2,0,0,0
2019-05-01,0,49,30,0,2,0,0,0
2019-05-01,0,52,10,0,0,0,2,0
2019-05-01,0,33,25,0,2,0,2,0
2019-05-01,0,57,6,0,2,1,0,0
2019-05-01,0,26,15,0,1,0,0,0
2019-05-01,0,53,3,0,1,0,1,0
2019-05-01,0,54,4,0,2,1,1,0
2019-05-01,0,58,100,0,1,0,0,0
2019-05-01,0,59,10,0,1,3,3,0
2019-05-01,0,60,20,0,1,0,0,0
2019-05-01,0,61,5,0,1,0,7,0
2019-05-01,0,63,0,0,0,0,0,0
2019-05-01,0,20,39,0,10,1,5,1
2019-05-01,0,35,8,0,0,0,3,3
2019-05-01,0,55,1,0,1,0,0,1
2019-05-01,0,56,1,0,1,0,0,0
2019-05-01,0,65,5,0,1,0,0,0
2019-05-01,0,66,25,0,2,0,0,0
2019-05-01,0,68,80,0,3,0,2,0
2019-05-01,0,69,135,0,1,0,5,0
2019-06-01,1,0,360,0,136,84,10,9
2019-06-01,1,1,219,219,160,93,9,0
2019-06-01,1,2,30,0,10,0,0,0
2019-06-01,1,3,12,0,11,9,0,0
2019-06-01,1,4,258,0,157,157,37,37
2019-06-01,1,5,75,75,75,73,30,30
2019-06-01,1,6,150,0,21,21,0,0
2019-06-01,1,7,0,0,0,0,0,0
2019-06-01,1,8,0,0,0,0,0,0
2019-06-01,1,9,51,0,49,47,0,0
2019-06-01,1,37,21,0,5,0,0,0
2019-06-01,1,11,240,0,75,62,6,1
2019-06-01,0,12,150,0,75,0,0,0
2019-06-01,0,64,200,0,2,0,3,3
2019-06-01,0,28,90,0,25,25,1,0
2019-06-01,0,29,13,0,2,0,0,0
2019-06-01,0,13,110,0,26,0,0,0
2019-06-01,0,14,200,0,11,0,0,0
2019-06-01,0,15,140,0,8,0,2,0
2019-06-01,0,38,34,0,28,17,2,2
2019-06-01,0,34,80,0,15,1,0,0
2019-06-01,0,36,20,0,10,0,0,0
2019-06-01,0,21,50,0,8,0,0,0
2019-06-01,0,40,50,0,11,0,1,0
2019-06-01,0,17,35,0,8,0,0,0
2019-06-01,0,16,20,0,1,0,0,0
2019-06-01,0,39,30,0,6,0,0,0
2019-06-01,0,41,100,0,7,0,0,0
2019-06-01,0,31,40,0,6,0,0,0
2019-06-01,0,32,150,0,2,0,0,0
2019-06-01,0,27,12,0,4,0,0,0
2019-06-01,0,42,30,0,6,0,1,0
2019-06-01,0,23,105,0,7,0,2,0
2019-06-01,0,43,30,0,4,0,1,0
2019-06-01,0,44,30,0,4,0,0,0
2019-06-01,0,67,30,0,2,0,0,0
2019-06-01,0,45,10,0,4,0,0,0
2019-06-01,0,46,50,0,3,0,0,0
2019-06-01,0,50,10,0,2,0,0,0
2019-06-01,0,51,8,0,3,0,0,0
2019-06-01,0,48,15,0,2,0,0,0
2019-06-01,0,49,30,0,2,0,0,0
2019-06-01,0,52,3,0,1,0,0,0
2019-06-01,0,33,27,0,3,0,0,0
2019-06-01,0,57,6,0,2,1,0,0
2019-06-01,0,26,15,0,1,0,2,0
2019-06-01,0,53,3,0,1,1,0,0
2019-06-01,0,54,4,0,2,1,1,0
2019-06-01,0,58,100,0,1,0,0,0
2019-06-01,0,59,10,0,1,0,3,0
2019-06-01,0,60,20,0,1,0,0,0
2019-06-01,0,61,5,0,0,0,5,0
2019-06-01,0,63,0,0,0,0,0,0
2019-06-01,0,20,40,0,11,1,5,1
2019-06-01,0,35,10,0,0,0,3,3
2019-06-01,0,55,1,0,1,0,1,1
2019-06-01,0,56,0,0,0,0,0,0
2019-06-01,0,65,5,0,1,0,0,0
2019-06-01,0,66,20,0,1,0,0,0
2019-06-01,0,68,80,0,3,0,0,0
2019-06-01,0,69,150,0,4,0,1,1
2019-07-01,1,0,360,0,136,82,9,9
2019-07-01,1,1,211,211,157,88,4,0
2019-07-01,1,2,30,0,10,0,0,0
2019-07-01,1,3,14,0,12,9,1,0
2019-07-01,1,4,270,0,170,170,8,8
2019-07-01,1,5,84,84,84,84,20,20
2019-07-01,1,6,150,0,21,21,0,0
2019-07-01,1,7,0,0,0,0,0,0
2019-07-01,1,8,0,0,0,0,0,0
2019-07-01,1,9,6,0,3,2,0,0
2019-07-01,1,37,17,0,4,0,8,2
2019-07-01,1,11,240,0,75,62,3,0
2019-07-01,0,12,128,0,74,0,0,0
2019-07-01,0,64,200,0,2,0,3,3
2019-07-01,0,28,90,0,25,25,2,2
2019-07-01,0,29,13,0,2,0,1,0
2019-07-01,0,13,60,0,19,0,0,0
2019-07-01,0,14,200,0,12,0,0,0
2019-07-01,0,15,140,0,9,0,0,0
2019-07-01,0,38,34,0,28,18,0,0
2019-07-01,0,34,80,0,15,1,0,0
2019-07-01,0,36,17,0,9,0,0,0
2019-07-01,0,21,50,0,8,0,0,0
2019-07-01,0,40,50,0,11,0,3,3
2019-07-01,0,17,20,0,3,0,0,0
2019-07-01,0,16,5,0,1,0,0,0
2019-07-01,0,39,25,0,5,0,0,0
2019-07-01,0,41,100,0,7,0,2,0
2019-07-01,0,31,40,0,6,0,0,0
2019-07-01,0,32,100,0,1,0,0,0
2019-07-01,0,27,12,0,4,0,0,0
2019-07-01,0,42,30,0,7,0,0,0
2019-07-01,0,23,107,0,7,0,0,0
2019-07-01,0,43,30,0,4,0,1,0
2019-07-01,0,44,30,0,4,0,0,0
2019-07-01,0,67,30,0,2,0,1,0
2019-07-01,0,45,10,0,4,0,0,0
2019-07-01,0,46,50,0,3,0,0,0
2019-07-01,0,50,30,0,2,0,0,0
2019-07-01,0,51,8,0,3,0,0,0
2019-07-01,0,48,15,0,1,0,0,0
2019-07-01,0,49,20,0,2,0,0,0
2019-07-01,0,52,3,0,1,0,0,0
2019-07-01,0,33,30,0,4,0,1,2
2019-07-01,0,57,6,0,2,1,0,0
2019-07-01,0,26,15,0,1,0,0,0
2019-07-01,0,53,3,0,1,0,0,0
2019-07-01,0,54,4,0,2,1,1,0
2019-07-01,0,58,80,0,1,0,0,0
2019-07-01,0,59,10,0,2,0,1,0
2019-07-01,0,60,0,0,0,0,0,0
2019-07-01,0,61,4,0,4,0,5,0
2019-07-01,0,20,40,0,11,1,5,1
2019-07-01,0,35,10,0,0,0,3,3
2019-07-01,0,55,1,0,1,0,1,1
2019-07-01,0,56,0,0,0,0,0,0
2019-07-01,0,65,5,0,2,0,0,0
2019-07-01,0,66,20,0,1,0,2,0
2019-07-01,0,68,80,0,3,0,0,0
2019-07-01,0,69,140,0,4,0,2,2
2019-08-01,1,0,360,0,138,85,6,6
2019-08-01,1,1,220,220,160,89,0,0
2019-08-01,1,2,30,0,10,0,0,0
2019-08-01,1,3,13,0,10,8,1,0
2019-08-01,1,4,250,0,181,181,8,8
2019-08-01,1,5,94,94,94,92,10,10
2019-08-01,1,6,150,0,21,21,0,0
2019-08-01,1,7,0,0,0,0,0,0
2019-08-01,1,8,0,0,0,0,0,0
2019-08-01,1,9,3,0,0,0,0,0
2019-08-01,1,37,19,0,6,2,6,0
2019-08-01,1,11,240,0,70,59,0,0
2019-08-01,0,12,127,0,73,0,0,0
2019-08-01,0,64,200,0,2,0,3,3
2019-08-01,0,28,80,0,27,27,5,0
2019-08-01,0,29,10,0,2,0,0,0
2019-08-01,0,14,200,0,12,0,0,0
2019-08-01,0,15,140,0,7,0,1,0
2019-08-01,0,38,34,0,28,18,0,0
2019-08-01,0,34,80,0,15,1,0,0
2019-08-01,0,36,17,0,9,0,0,0
2019-08-01,0,21,50,0,8,0,0,0
2019-08-01,0,40,50,0,11,0,0,0
2019-08-01,0,17,0,0,0,0,0,0
2019-08-01,0,16,0,0,0,0,0,0
2019-08-01,0,41,100,0,7,0,0,0
2019-08-01,0,31,40,0,5,0,0,0
2019-08-01,0,32,80,0,0,0,0,0
2019-08-01,0,27,12,0,4,0,0,0
2019-08-01,0,42,30,0,7,0,0,0
2019-08-01,0,23,106,0,7,0,1,0
2019-08-01,0,43,30,0,4,0,1,0
2019-08-01,0,44,30,0,4,0,0,0
2019-08-01,0,67,30,0,2,0,3,0
2019-08-01,0,46,50,0,3,0,0,0
2019-08-01,0,50,30,0,2,0,0,0
2019-08-01,0,51,8,0,3,0,0,0
2019-08-01,0,48,15,0,1,0,0,0
2019-08-01,0,49,20,0,2,0,2,0
2019-08-01,0,52,10,0,1,0,0,0
2019-08-01,0,33,40,0,6,0,2,0
2019-08-01,0,57,6,0,2,1,0,0
2019-08-01,0,26,20,0,1,0,3,0
2019-08-01,0,53,3,0,1,0,0,0
2019-08-01,0,54,6,0,2,1,1,0
2019-08-01,0,58,100,0,1,0,0,0
2019-08-01,0,59,12,0,2,0,1,0
2019-08-01,0,60,0,0,0,0,0,0
2019-08-01,0,61,4,0,4,0,0,0
2019-08-01,0,20,42,0,13,1,7,1
2019-08-01,0,35,10,0,0,0,3,3
2019-08-01,0,56,0,0,0,0,0,0
2019-08-01,0,65,5,0,3,0,0,0
2019-08-01,0,66,20,0,2,0,0,0
2019-08-01,0,68,65,0,2,0,0,0
2019-08-01,0,69,130,0,2,0,3,0
2019-09-01,1,0,330,0,150,88,0,0
2019-09-01,1,1,218,218,160,90,0,0
2019-09-01,1,2,30,0,9,0,0,0
2019-09-01,1,3,12,0,10,8,0,0
2019-09-01,1,4,240,0,189,181,0,0
2019-09-01,1,5,90,90,90,88,8,8
2019-09-01,1,6,150,0,21,21,0,0
2019-09-01,1,37,19,0,6,2,0,0
2019-09-01,1,11,240,0,70,58,0,0
2019-09-01,0,12,120,0,70,0,0,0
2019-09-01,0,64,200,0,2,0,0,0
2019-09-01,0,28,90,0,29,27,1,1
2019-09-01,0,29,10,0,2,0,0,0
2019-09-01,0,13,60,0,19,0,0,0
2019-09-01,0,14,200,0,11,0,1,0
2019-09-01,0,15,140,0,8,0,0,0
2019-09-01,0,38,34,0,28,18,0,0
2019-09-01,0,34,80,0,15,1,0,0
2019-09-01,0,36,17,0,9,0,1,1
2019-09-01,0,21,50,0,8,0,1,1
2019-09-01,0,40,50,0,11,0,0,0
2019-09-01,0,17,3,0,0,0,0,0
2019-09-01,0,16,0,0,0,0,0,0
2019-09-01,0,39,5,0,0,0,0,0
2019-09-01,0,41,100,0,8,0,0,0
2019-09-01,0,31,0,0,0,0,0,0
2019-09-01,0,32,70,0,0,0,0,0
2019-09-01,0,27,0,0,0,0,0,0
2019-09-01,0,42,30,0,7,0,2,0
2019-09-01,0,23,102,0,6,0,0,0
2019-09-01,0,43,30,0,4,0,0,0
2019-09-01,0,44,30,0,4,0,0,0
2019-09-01,0,67,35,0,2,0,5,0
2019-09-01,0,45,5,0,0,0,0,0
2019-09-01,0,46,50,0,3,0,0,0
2019-09-01,0,50,30,0,2,0,0,0
2019-09-01,0,51,8,0,3,0,0,0
2019-09-01,0,48,15,0,1,0,0,0
2019-09-01,0,49,20,0,2,0,2,0
2019-09-01,0,52,10,0,1,0,0,0
2019-09-01,0,33,50,7,0,0,0,0
2019-09-01,0,57,5,0,1,1,0,0
2019-09-01,0,26,25,0,2,0,0,0
2019-09-01,0,53,3,0,1,0,0,0
2019-09-01,0,54,6,0,2,1,1,0
2019-09-01,0,58,80,0,1,0,0,0
2019-09-01,0,59,12,0,2,0,2,0
2019-09-01,0,60,0,0,0,0,0,0
2019-09-01,0,61,10,0,7,0,7,0
2019-09-01,0,20,42,0,13,1,7,3
2019-09-01,0,35,10,0,0,0,3,3
2019-09-01,0,55,1,0,1,0,1,1
2019-09-01,0,56,0,0,0,0,0,0
2019-09-01,0,65,5,0,3,0,0,0
2019-09-01,0,66,20,0,3,0,1,1
2019-09-01,0,68,70,0,1,0,0,0
2019-09-01,0,69,140,0,3,0,0,0
2019-10-01,0,12,113,0,69,0,0,0
2019-10-01,0,64,195,0,2,0,0,0
2019-10-01,0,28,90,0,29,27,1,0
2019-10-01,0,29,10,0,2,0,1,0
2019-10-01,0,13,40,0,18,0,0,0
2019-10-01,0,14,200,0,10,0,0,0
2019-10-01,0,15,170,0,8,0,3,0
2019-10-01,0,38,34,0,28,18,1,0
2019-10-01,0,34,80,0,15,1,0,0
2019-10-01,0,36,17,0,8,0,1,0
2019-10-01,0,21,50,0,8,0,1,0
2019-10-01,0,40,50,0,11,0,0,0
2019-10-01,0,17,0,0,0,0,0,0
2019-10-01,0,16,0,0,0,0,0,0
2019-10-01,0,41,100,0,8,0,0,0
2019-10-01,0,31,0,0,0,0,0,0
2019-10-01,0,32,60,0,0,0,0,0
2019-10-01,0,27,0,0,0,0,0,0
2019-10-01,0,42,30,0,7,0,2,0
2019-10-01,0,23,105,0,6,0,0,0
2019-10-01,0,43,30,0,4,0,6,0
2019-10-01,0,44,30,0,4,0,0,0
2019-10-01,0,67,40,0,2,0,7,0
2019-10-01,0,46,50,0,3,0,0,0
2019-10-01,0,50,30,0,2,0,0,0
2019-10-01,0,51,8,0,3,0,0,0
2019-10-01,0,48,15,0,1,0,0,0
2019-10-01,0,49,20,0,2,0,0,0
2019-10-01,0,33,40,0,4,0,0,0
2019-10-01,0,57,5,0,1,1,0,0
2019-10-01,0,26,25,0,2,0,0,0
2019-10-01,0,53,3,0,1,1,0,0
2019-10-01,0,54,6,0,2,1,1,0
2019-10-01,0,58,100,0,1,0,0,0
2019-10-01,0,59,12,0,2,0,2,0
2019-10-01,0,61,10,0,8,0,5,0
2019-10-01,0,20,42,0,13,1,5,0
2019-10-01,0,35,10,0,0,0,3,3
2019-10-01,0,55,1,0,1,0,1,0
2019-10-01,0,65,5,0,3,0,0,0
2019-10-01,0,66,16,0,3,0,1,0
2019-10-01,0,68,70,0,1,0,0,0
2019-10-01,0,69,135,0,3,0,0,0
2019-10-01,1,0,330,0,150,88,28,0
2019-10-01,1,1,213,213,158,89,1,0
2019-10-01,1,2,20,0,8,0,0,0
2019-10-01,1,3,12,0,10,8,0,0
2019-10-01,1,4,225,0,188,188,20,20
2019-10-01,1,5,97,97,97,95,5,5
2019-10-01,1,6,150,0,21,21,0,0
2019-10-01,1,7,0,0,0,0,36,10
2019-10-01,1,8,0,0,0,0,0,10
2019-10-01,1,9,3,0,0,0,0,0
2019-10-01,1,37,19,0,6,2,0,0
2019-10-01,1,11,240,0,70,58,0,0
2019-11-01,0,12,115,0,66,0,0,0
2019-11-01,0,64,190,0,2,0,2,2
2019-11-01,0,28,90,0,29,27,1,0
2019-11-01,0,29,12,0,3,0,0,0
2019-11-01,0,13,40,0,17,0,0,0
2019-11-01,0,14,220,0,8,0,26,0
2019-11-01,0,15,170,0,8,0,0,0
2019-11-01,0,38,34,0,29,18,0,0
2019-11-01,0,34,80,0,15,1,0,0
2019-11-01,0,36,17,0,10,0,1,0
2019-11-01,0,21,60,0,8,0,0,0
2019-11-01,0,40,50,0,11,0,0,0
2019-11-01,0,17,0,0,0,0,0,0
2019-11-01,0,16,0,0,0,0,0,0
2019-11-01,0,39,40,0,4,0,0,0
2019-11-01,0,41,90,0,9,0,0,0
2019-11-01,0,32,60,0,0,0,0,0
2019-11-01,0,27,0,0,0,0,2,0
2019-11-01,0,42,30,0,8,0,4,0
2019-11-01,0,23,150,0,6,0,0,0
2019-11-01,0,43,30,0,4,0,7,0
2019-11-01,0,44,30,0,3,0,1,0
2019-11-01,0,67,40,0,2,0,1,0
2019-11-01,0,45,20,0,4,0,0,0
2019-11-01,0,46,50,0,3,0,0,0
2019-11-01,0,50,30,0,2,0,0,0
2019-11-01,0,51,6,0,3,0,0,0
2019-11-01,0,48,15,0,1,0,0,0
2019-11-01,0,49,20,0,2,0,2,0
2019-11-01,0,52,10,0,1,0,0,0
2019-11-01,0,33,50,0,3,0,1,0
2019-11-01,0,57,10,0,1,1,2,0
2019-11-01,0,26,30,0,2,0,10,0
2019-11-01,0,53,3,0,1,0,0,0
2019-11-01,0,54,6,0,2,1,1,0
2019-11-01,0,58,80,0,1,0,5,0
2019-11-01,0,59,12,0,1,0,0,0
2019-11-01,0,60,0,0,0,0,0,0
2019-11-01,0,61,10,0,8,0,5,0
2019-11-01,0,20,50,0,15,2,5,0
2019-11-01,0,35,10,0,0,0,3,3
2019-11-01,0,55,0,0,0,0,0,0
2019-11-01,0,56,0,0,0,0,0,0
2019-11-01,0,65,6,0,3,0,0,0
2019-11-01,0,66,16,0,3,0,2,0
2019-11-01,0,68,70,0,1,0,0,0
2019-11-01,0,69,135,0,3,0,0,0
2019-11-01,1,0,330,0,161,87,0,0
2019-11-01,1,1,207,207,157,88,1,0
2019-11-01,1,2,20,0,7,0,3,0
2019-11-01,1,3,12,0,10,8,0,0
2019-11-01,1,4,230,0,188,188,25,25
2019-11-01,1,5,96,96,96,94,20,15
2019-11-01,1,6,250,0,21,21,0,0
2019-11-01,1,7,2,0,1,0,10,0
2019-11-01,1,8,6,0,2,0,0,0
2019-11-01,1,9,3,0,0,0,0,0
2019-11-01,1,37,19,0,6,2,0,0
2019-11-01,1,11,240,0,70,58,10,0
2019-12-01,0,12,110,0,60,0,0,0
2019-12-01,0,64,190,0,2,0,3,3
2019-12-01,0,28,95,0,29,27,15,0
2019-12-01,0,29,12,0,3,0,0,0
2019-12-01,0,13,40,0,15,0,0,0
2019-12-01,0,14,200,0,8,0,16,0
2019-12-01,0,15,170,0,7,0,2,0
2019-12-01,0,38,34,0,29,18,0,0
2019-12-01,0,34,80,0,13,1,0,1
2019-12-01,0,36,16,0,9,0,0,0
2019-12-01,0,21,60,0,10,0,0,0
2019-12-01,0,40,50,0,10,0,0,0
2019-12-01,0,17,0,0,0,0,0,0
2019-12-01,0,16,0,0,0,0,0,0
2019-12-01,0,39,7,0,3,0,0,0
2019-12-01,0,41,80,0,8,0,1,0
2019-12-01,0,32,70,0,0,0,0,0
2019-12-01,0,27,1,0,0,0,2,0
2019-12-01,0,42,30,0,7,0,1,0
2019-12-01,0,43,30,0,4,0,7,0
2019-12-01,0,44,30,0,4,0,0,0
2019-12-01,0,67,40,0,3,0,0,0
2019-12-01,0,46,100,0,3,0,2,0
2019-12-01,0,50,20,0,2,0,1,0
2019-12-01,0,51,6,0,3,0,0,0
2019-12-01,0,48,15,0,1,0,2,0
2019-12-01,0,49,20,0,2,0,2,0
2019-12-01,0,33,80,0,4,0,1,0
2019-12-01,0,57,10,0,1,1,2,0
2019-12-01,0,26,40,0,2,0,5,0
2019-12-01,0,53,3,0,1,0,0,0
2019-12-01,0,54,6,0,2,1,1,0
2019-12-01,0,58,80,0,1,0,0,0
2019-12-01,0,59,12,0,1,0,1,0
2019-12-01,0,60,0,0,0,0,0,0
2019-12-01,0,61,10,0,8,0,5,0
2019-12-01,0,20,50,0,15,2,6,0
2019-12-01,0,35,11,0,1,1,14,14
2019-12-01,0,55,0,0,0,0,2,1
2019-12-01,0,56,0,0,0,0,0,0
2019-12-01,0,65,6,0,2,0,0,0
2019-12-01,0,66,16,0,3,0,2,0
2019-12-01,0,68,70,0,1,0,10,0
2019-12-01,0,69,138,0,3,0,1,0
2019-12-01,1,0,380,0,165,87,9,1
2019-12-01,1,1,215,215,155,88,0,0
2019-12-01,1,2,25,0,8,0,7,0
2019-12-01,1,3,11,0,10,8,0,0
2019-12-01,1,4,234,0,184,184,48,48
2019-12-01,1,5,96,96,96,94,20,15
2019-12-01,1,6,250,0,20,20,0,0
2019-12-01,1,7,2,0,2,1,14,14
2019-12-01,1,8,20,0,2,0,0,0
2019-12-01,1,9,3,0,0,0,0,0
2019-12-01,1,37,19,0,6,2,0,0
2019-12-01,1,11,240,0,70,58,10,0
2020-01-01,1,0,380,0,161,87,7,1
2020-01-01,1,1,211,211,156,88,1,0
2020-01-01,1,2,30,0,10,0,1,0
2020-01-01,1,3,8,0,7,6,0,0
2020-01-01,1,4,239,0,185,185,54,54
2020-01-01,1,5,95,95,95,93,40,40
2020-01-01,1,6,250,0,20,20,0,0
2020-01-01,1,7,28,0,4,1,0,0
2020-01-01,1,8,2,0,2,0,0,0
2020-01-01,1,9,3,0,0,0,0,0
2020-01-01,1,37,19,0,6,2,0,0
2020-01-01,1,11,240,0,70,58,10,0
2020-01-01,0,12,105,0,58,0,0,0
2020-01-01,0,64,185,0,2,0,2,2
2020-01-01,0,28,98,0,29,27,15,3
2020-01-01,0,29,12,0,3,0,1,0
2020-01-01,0,13,40,0,15,0,10,0
2020-01-01,0,14,220,0,9,0,12,0
2020-01-01,0,15,160,0,7,0,0,0
2020-01-01,0,38,34,0,29,18,1,1
2020-01-01,0,34,80,0,12,1,5,1
2020-01-01,0,36,16,0,9,0,0,0
2020-01-01,0,21,60,0,11,0,1,1
2020-01-01,0,40,50,0,10,0,0,0
2020-01-01,0,39,8,0,3,0,0,0
2020-01-01,0,41,80,0,8,0,0,0
2020-01-01,0,31,0,0,0,0,0,0
2020-01-01,0,32,70,0,0,0,0,0
2020-01-01,0,27,1,0,0,0,0,0
2020-01-01,0,42,30,0,7,0,1,0
2020-01-01,0,23,180,0,5,0,5,0
2020-01-01,0,43,30,0,4,0,7,0
2020-01-01,0,44,30,0,4,0,0,0
2020-01-01,0,67,40,0,3,0,0,0
2020-01-01,0,45,6,0,5,0,0,0
2020-01-01,0,46,100,50,3,0,10,0
2020-01-01,0,50,20,0,2,0,0,0
2020-01-01,0,51,6,0,3,0,0,0
2020-01-01,0,48,15,0,2,0,0,0
2020-01-01,0,49,20,0,2,0,1,0
2020-01-01,0,33,80,0,4,0,2,0
2020-01-01,0,57,10,0,1,1,1,0
2020-01-01,0,26,40,0,2,0,2,0
2020-01-01,0,53,5,0,1,1,0,0
2020-01-01,0,54,6,0,2,1,0,0
2020-01-01,0,58,80,0,1,0,0,0
2020-01-01,0,59,12,0,1,0,1,0
2020-01-01,0,60,0,0,0,0,0,0
2020-01-01,0,61,12,0,7,0,5,0
2020-01-01,0,20,50,0,13,2,6,0
2020-01-01,0,35,11,0,1,1,14,14
2020-01-01,0,65,6,0,2,0,0,0
2020-01-01,0,66,16,0,4,0,2,0
2020-01-01,0,68,68,0,1,0,10,0
2020-01-01,0,69,132,0,3,0,0,0
2020-02-01,1,0,380,0,149,88,6,0
2020-02-01,1,1,206,206,154,87,4,0
2020-02-01,1,2,30,0,9,0,2,0
2020-02-01,1,3,8,0,7,6,0,0
2020-02-01,1,4,241,0,187,187,54,54
2020-02-01,1,5,96,96,96,94,40,40
2020-02-01,1,6,200,0,20,20,0,0
2020-02-01,1,7,28,0,4,1,0,0
2020-02-01,1,8,2,0,2,0,0,0
2020-02-01,1,9,3,0,0,0,0,0
2020-02-01,1,37,19,0,5,2,0,0
2020-02-01,1,11,210,0,70,58,16,0
2020-02-01,0,12,105,0,57,0,0,0
2020-02-01,0,64,180,0,2,0,2,2
2020-02-01,0,28,110,0,29,27,0,0
2020-02-01,0,29,12,0,3,0,1,0
2020-02-01,0,13,45,0,16,0,7,0
2020-02-01,0,14,200,0,8,0,6,0
2020-02-01,0,15,150,0,7,0,0,0
2020-02-01,0,38,31,0,29,18,4,2
2020-02-01,0,34,80,0,12,1,3,1
2020-02-01,0,36,16,0,9,0,0,0
2020-02-01,0,21,60,0,11,0,0,0
2020-02-01,0,40,50,0,10,0,0,0
2020-02-01,0,41,80,0,8,0,0,0
2020-02-01,0,31,0,0,0,0,0,0
2020-02-01,0,32,70,0,0,0,0,0
2020-02-01,0,27,5,0,0,0,15,0
2020-02-01,0,42,30,0,7,0,1,0
2020-02-01,0,23,180,0,6,0,2,0
2020-02-01,0,43,30,0,4,0,6,0
2020-02-01,0,44,30,0,4,0,0,0
2020-02-01,0,67,40,0,3,0,1,0
2020-02-01,0,46,100,50,3,0,10,0
2020-02-01,0,50,20,0,2,0,0,0
2020-02-01,0,51,6,0,3,0,0,0
2020-02-01,0,48,15,0,1,0,2,0
2020-02-01,0,49,20,0,2,0,0,0
2020-02-01,0,33,80,0,3,0,1,0
2020-02-01,0,57,10,0,1,0,0,0
2020-02-01,0,26,50,0,2,0,20,0
2020-02-01,0,53,5,0,1,1,0,0
2020-02-01,0,54,30,0,2,1,2,1
2020-02-01,0,58,80,0,1,0,0,0
2020-02-01,0,59,12,0,2,0,2,0
2020-02-01,0,60,0,0,0,0,0,0
2020-02-01,0,61,12,0,7,0,5,0
2020-02-01,0,20,50,0,13,2,6,0
2020-02-01,0,35,11,0,1,1,14,14
2020-02-01,0,56,0,0,0,0,1,0
2020-02-01,0,65,6,0,2,0,1,1
2020-02-01,0,66,40,0,4,0,1,0
2020-02-01,0,68,75,0,2,0,2,0
2020-02-01,0,69,100,0,4,0,0,0
2020-03-01,1,0,380,0,154,88,3,0
2020-03-01,1,1,206,206,152,85,3,0
2020-03-01,1,2,35,0,9,0,4,0
2020-03-01,1,3,8,0,7,6,1,0
2020-03-01,1,4,238,0,186,186,54,54
2020-03-01,1,5,96,96,96,92,40,40
2020-03-01,1,6,150,0,20,20,0,0
2020-03-01,1,7,28,0,4,1,0,0
2020-03-01,1,8,2,0,2,0,0,0
2020-03-01,1,37,15,0,4,2,0,0
2020-03-01,1,11,230,0,74,62,6,12
2020-03-01,0,12,100,0,56,0,0,0
2020-03-01,0,64,180,0,2,0,0,0
2020-03-01,0,28,120,0,27,25,0,0
2020-03-01,0,29,12,0,3,0,1,0
2020-03-01,0,13,50,0,16,0,0,0
2020-03-01,0,14,190,0,8,0,6,0
2020-03-01,0,15,150,0,7,0,0,0
2020-03-01,0,38,34,0,29,18,0,0
2020-03-01,0,34,80,0,12,1,0,0
2020-03-01,0,36,16,0,8,0,0,0
2020-03-01,0,21,60,0,11,0,0,0
2020-03-01,0,40,50,0,10,0,0,0
2020-03-01,0,17,0,0,0,0,0,0
2020-03-01,0,16,0,0,0,0,0,0
2020-03-01,0,39,0,0,0,0,0,0
2020-03-01,0,41,80,0,8,0,0,0
2020-03-01,0,31,0,0,0,0,0,0
2020-03-01,0,32,70,0,0,0,0,0
2020-03-01,0,27,16,0,0,0,5,0
2020-03-01,0,42,30,0,7,0,0,0
2020-03-01,0,23,180,0,6,0,0,0
2020-03-01,0,43,30,0,0,0,2,0
2020-03-01,0,44,30,0,4,0,0,0
2020-03-01,0,67,40,0,3,0,0,0
2020-03-01,0,45,1,1,1,0,0,0
2020-03-01,0,46,100,50,3,0,10,0
2020-03-01,0,50,20,0,2,0,0,0
2020-03-01,0,51,6,0,3,0,0,0
2020-03-01,0,48,15,0,1,0,1,0
2020-03-01,0,49,15,0,2,0,0,0
2020-03-01,0,33,80,0,3,0,0,0
2020-03-01,0,57,10,0,0,1,0,0
2020-03-01,0,26,60,0,2,0,20,0
2020-03-01,0,53,4,0,0,0,0,0
2020-03-01,0,58,80,0,1,0,0,0
2020-03-01,0,59,12,0,2,0,1,0
2020-03-01,0,60,0,0,0,0,0,0
2020-03-01,0,61,8,0,3,0,5,0
2020-03-01,0,20,50,0,13,2,6,0
2020-03-01,0,35,11,0,1,1,10,10
2020-03-01,0,65,6,0,2,0,1,1
2020-03-01,0,66,40,0,5,0,0,0
2020-03-01,0,68,80,0,2,0,2,0
2020-03-01,0,69,90,0,4,0,0,0
2019-04-01,1,0,360,0,124,72,23,21
2019-04-01,1,1,203,203,140,77,9,9
2019-04-01,1,2,30,0,10,0,2,0
2019-04-01,1,3,12,0,11,9,0,0
2019-04-01,1,4,268,0,147,147,48,48
2019-04-01,1,5,75,75,75,73,36,36
2019-04-01,1,6,150,0,21,21,0,0
2019-04-01,1,7,0,0,0,0,0,0
2019-04-01,1,8,0,0,0,0,0,0
2019-04-01,1,9,60,0,53,50,0,0
2019-04-01,1,37,21,0,5,0,0,0
2019-04-01,1,11,240,0,78,62,10,10
2019-04-01,0,12,170,0,80,0,2,0
2019-04-01,0,64,200,0,2,0,5,3
2019-04-01,0,28,95,0,27,27,0,0
2019-04-01,0,29,13,0,2,0,1,0
2019-04-01,0,13,120,0,27,0,5,0
2019-04-01,0,14,200,0,12,0,2,0
2019-04-01,0,15,140,0,8,0,1,0
2019-04-01,0,38,28,0,22,11,3,0
2019-04-01,0,34,50,0,15,1,0,0
2019-04-01,0,36,20,0,10,0,0,0
2019-04-01,0,21,50,0,8,0,1,0
2019-04-01,0,40,50,0,10,0,2,0
2019-04-01,0,17,35,0,9,0,0,0
2019-04-01,0,16,50,0,5,0,0,0
2019-04-01,0,39,20,0,7,0,0,0
2019-04-01,0,41,100,0,7,0,0,0
2019-04-01,0,31,40,0,6,0,0,0
2019-04-01,0,32,270,0,5,0,0,0
2019-04-01,0,27,15,0,4,0,0,0
2019-04-01,0,42,30,0,6,0,4,0
2019-04-01,0,23,100,0,6,0,0,0
2019-04-01,0,43,30,0,5,0,1,0
2019-04-01,0,44,55,5,0,0,0,0
2019-04-01,0,67,30,0,2,0,0,0
2019-04-01,0,46,50,0,3,0,0,0
2019-04-01,0,50,80,0,2,0,0,0
2019-04-01,0,51,8,0,3,0,0,0
2019-04-01,0,48,15,0,2,0,0,0
2019-04-01,0,49,30,0,2,0,0,0
2019-04-01,0,33,20,0,1,0,2,0
2019-04-01,0,57,8,0,2,1,0,0
2019-04-01,0,26,15,0,1,0,0,0
2019-04-01,0,53,3,0,1,1,0,0
2019-04-01,0,54,2,0,2,1,1,0
2019-04-01,0,58,100,0,1,0,0,0
2019-04-01,0,59,10,0,1,0,3,0
2019-04-01,0,60,20,0,1,0,0,0
2019-04-01,0,61,5,0,1,0,7,0
2019-04-01,0,63,0,0,0,0,0,0
2019-04-01,0,20,38,0,9,1,5,1
2019-04-01,0,35,8,0,0,0,3,3
2019-04-01,0,56,1,0,1,0,0,0
2019-04-01,0,65,5,0,1,0,0,0
2019-04-01,0,66,25,0,2,0,0,0
2019-04-01,0,68,80,0,3,0,0,0
2019-04-01,0,69,130,0,1,0,0,0
2019-05-01,1,0,360,0,126,74,23,21
2019-05-01,1,1,204,204,143,77,9,9
2019-05-01,1,2,40,0,10,0,0,0
2019-05-01,1,3,12,0,11,9,0,0
2019-05-01,1,4,268,0,152,152,48,48
2019-05-01,1,5,75,75,75,73,30,30
2019-05-01,1,6,150,0,21,21,0,0
2019-05-01,1,7,0,0,0,0,0,0
2019-05-01,1,8,0,0,0,0,0,0
2019-05-01,1,9,60,0,49,47,0,0
2019-05-01,1,37,21,0,5,0,0,0
2019-05-01,1,11,240,0,74,62,6,0
2019-05-01,0,12,150,0,77,0,0,0
2019-05-01,0,64,200,0,2,0,3,3
2019-05-01,0,28,90,0,25,25,0,0
2019-05-01,0,29,13,0,2,0,0,0
2019-05-01,0,13,120,0,28,0,5,0
2019-05-01,0,14,200,0,11,0,2,0
2019-05-01,0,15,140,0,8,0,1,0
2019-05-01,0,38,28,0,22,12,6,6
2019-05-01,0,34,80,0,16,1,2,0
2019-05-01,0,36,20,0,10,0,0,0
2019-05-01,0,21,50,0,8,0,1,0
2019-05-01,0,40,50,0,10,0,2,0
2019-05-01,0,17,35,0,9,0,0,0
2019-05-01,0,16,50,0,4,0,0,0
2019-05-01,0,39,20,0,6,0,2,0
2019-05-01,0,41,100,0,7,0,0,0
2019-05-01,0,31,40,0,6,0,0,0
2019-05-01,0,32,170,0,3,0,0,0
2019-05-01,0,27,13,0,4,0,0,0
2019-05-01,0,42,30,0,6,0,4,0
2019-05-01,0,23,103,0,6,0,3,0
2019-05-01,0,43,30,0,4,0,1,0
2019-05-01,0,44,50,0,5,0,0,0
2019-05-01,0,67,30,0,2,0,0,0
2019-05-01,0,45,10,0,4,0,0,0
2019-05-01,0,46,50,0,3,0,0,0
2019-05-01,0,50,10,0,2,0,0,0
2019-05-01,0,51,8,0,3,0,0,0
2019-05-01,0,48,15,0,2,0,0,0
2019-05-01,0,49,30,0,2,0,0,0
2019-05-01,0,52,10,0,0,0,2,0
2019-05-01,0,33,25,0,2,0,2,0
2019-05-01,0,57,6,0,2,1,0,0
2019-05-01,0,26,15,0,1,0,0,0
2019-05-01,0,53,3,0,1,0,1,0
2019-05-01,0,54,4,0,2,1,1,0
2019-05-01,0,58,100,0,1,0,0,0
2019-05-01,0,59,10,0,1,3,3,0
2019-05-01,0,60,20,0,1,0,0,0
2019-05-01,0,61,5,0,1,0,7,0
2019-05-01,0,63,0,0,0,0,0,0
2019-05-01,0,20,39,0,10,1,5,1
2019-05-01,0,35,8,0,0,0,3,3
2019-05-01,0,55,1,0,1,0,0,1
2019-05-01,0,56,1,0,1,0,0,0
2019-05-01,0,65,5,0,1,0,0,0
2019-05-01,0,66,25,0,2,0,0,0
2019-05-01,0,68,80,0,3,0,2,0
2019-05-01,0,69,135,0,1,0,5,0
2019-06-01,1,0,360,0,136,84,10,9
2019-06-01,1,1,219,219,160,93,9,0
2019-06-01,1,2,30,0,10,0,0,0
2019-06-01,1,3,12,0,11,9,0,0
2019-06-01,1,4,258,0,157,157,37,37
2019-06-01,1,5,75,75,75,73,30,30
2019-06-01,1,6,150,0,21,21,0,0
2019-06-01,1,7,0,0,0,0,0,0
2019-06-01,1,8,0,0,0,0,0,0
2019-06-01,1,9,51,0,49,47,0,0
2019-06-01,1,37,21,0,5,0,0,0
2019-06-01,1,11,240,0,75,62,6,1
2019-06-01,0,12,150,0,75,0,0,0
2019-06-01,0,64,200,0,2,0,3,3
2019-06-01,0,28,90,0,25,25,1,0
2019-06-01,0,29,13,0,2,0,0,0
2019-06-01,0,13,110,0,26,0,0,0
2019-06-01,0,14,200,0,11,0,0,0
2019-06-01,0,15,140,0,8,0,2,0
2019-06-01,0,38,34,0,28,17,2,2
2019-06-01,0,34,80,0,15,1,0,0
2019-06-01,0,36,20,0,10,0,0,0
2019-06-01,0,21,50,0,8,0,0,0
2019-06-01,0,40,50,0,11,0,1,0
2019-06-01,0,17,35,0,8,0,0,0
2019-06-01,0,16,20,0,1,0,0,0
2019-06-01,0,39,30,0,6,0,0,0
2019-06-01,0,41,100,0,7,0,0,0
2019-06-01,0,31,40,0,6,0,0,0
2019-06-01,0,32,150,0,2,0,0,0
2019-06-01,0,27,12,0,4,0,0,0
2019-06-01,0,42,30,0,6,0,1,0
2019-06-01,0,23,105,0,7,0,2,0
2019-06-01,0,43,30,0,4,0,1,0
2019-06-01,0,44,30,0,4,0,0,0
2019-06-01,0,67,30,0,2,0,0,0
2019-06-01,0,45,10,0,4,0,0,0
2019-06-01,0,46,50,0,3,0,0,0
2019-06-01,0,50,10,0,2,0,0,0
2019-06-01,0,51,8,0,3,0,0,0
2019-06-01,0,48,15,0,2,0,0,0
2019-06-01,0,49,30,0,2,0,0,0
2019-06-01,0,52,3,0,1,0,0,0
2019-06-01,0,33,27,0,3,0,0,0
2019-06-01,0,57,6,0,2,1,0,0
2019-06-01,0,26,15,0,1,0,2,0
2019-06-01,0,53,3,0,1,1,0,0
2019-06-01,0,54,4,0,2,1,1,0
2019-06-01,0,58,100,0,1,0,0,0
2019-06-01,0,59,10,0,1,0,3,0
2019-06-01,0,60,20,0,1,0,0,0
2019-06-01,0,61,5,0,0,0,5,0
2019-06-01,0,63,0,0,0,0,0,0
2019-06-01,0,20,40,0,11,1,5,1
2019-06-01,0,35,10,0,0,0,3,3
2019-06-01,0,55,1,0,1,0,1,1
2019-06-01,0,56,0,0,0,0,0,0
2019-06-01,0,65,5,0,1,0,0,0
2019-06-01,0,66,20,0,1,0,0,0
2019-06-01,0,68,80,0,3,0,0,0
2019-06-01,0,69,150,0,4,0,1,1
2019-07-01,1,0,360,0,136,82,9,9
2019-07-01,1,1,211,211,157,88,4,0
2019-07-01,1,2,30,0,10,0,0,0
2019-07-01,1,3,14,0,12,9,1,0
2019-07-01,1,4,270,0,170,170,8,8
2019-07-01,1,5,84,84,84,84,20,20
2019-07-01,1,6,150,0,21,21,0,0
2019-07-01,1,7,0,0,0,0,0,0
2019-07-01,1,8,0,0,0,0,0,0
2019-07-01,1,9,6,0,3,2,0,0
2019-07-01,1,37,17,0,4,0,8,2
2019-07-01,1,11,240,0,75,62,3,0
2019-07-01,0,12,128,0,74,0,0,0
2019-07-01,0,64,200,0,2,0,3,3
2019-07-01,0,28,90,0,25,25,2,2
2019-07-01,0,29,13,0,2,0,1,0
2019-07-01,0,13,60,0,19,0,0,0
2019-07-01,0,14,200,0,12,0,0,0
2019-07-01,0,15,140,0,9,0,0,0
2019-07-01,0,38,34,0,28,18,0,0
2019-07-01,0,34,80,0,15,1,0,0
2019-07-01,0,36,17,0,9,0,0,0
2019-07-01,0,21,50,0,8,0,0,0
2019-07-01,0,40,50,0,11,0,3,3
2019-07-01,0,17,20,0,3,0,0,0
2019-07-01,0,16,5,0,1,0,0,0
2019-07-01,0,39,25,0,5,0,0,0
2019-07-01,0,41,100,0,7,0,2,0
2019-07-01,0,31,40,0,6,0,0,0
2019-07-01,0,32,100,0,1,0,0,0
2019-07-01,0,27,12,0,4,0,0,0
2019-07-01,0,42,30,0,7,0,0,0
2019-07-01,0,23,107,0,7,0,0,0
2019-07-01,0,43,30,0,4,0,1,0
2019-07-01,0,44,30,0,4,0,0,0
2019-07-01,0,67,30,0,2,0,1,0
2019-07-01,0,45,10,0,4,0,0,0
2019-07-01,0,46,50,0,3,0,0,0
2019-07-01,0,50,30,0,2,0,0,0
2019-07-01,0,51,8,0,3,0,0,0
2019-07-01,0,48,15,0,1,0,0,0
2019-07-01,0,49,20,0,2,0,0,0
2019-07-01,0,52,3,0,1,0,0,0
2019-07-01,0,33,30,0,4,0,1,2
2019-07-01,0,57,6,0,2,1,0,0
2019-07-01,0,26,15,0,1,0,0,0
2019-07-01,0,53,3,0,1,0,0,0
2019-07-01,0,54,4,0,2,1,1,0
2019-07-01,0,58,80,0,1,0,0,0
2019-07-01,0,59,10,0,2,0,1,0
2019-07-01,0,60,0,0,0,0,0,0
2019-07-01,0,61,4,0,4,0,5,0
2019-07-01,0,20,40,0,11,1,5,1
2019-07-01,0,35,10,0,0,0,3,3
2019-07-01,0,55,1,0,1,0,1,1
2019-07-01,0,56,0,0,0,0,0,0
2019-07-01,0,65,5,0,2,0,0,0
2019-07-01,0,66,20,0,1,0,2,0
2019-07-01,0,68,80,0,3,0,0,0
2019-07-01,0,69,140,0,4,0,2,2
2019-08-01,1,0,360,0,138,85,6,6
2019-08-01,1,1,220,220,160,89,0,0
2019-08-01,1,2,30,0,10,0,0,0
2019-08-01,1,3,13,0,10,8,1,0
2019-08-01,1,4,250,0,181,181,8,8
2019-08-01,1,5,94,94,94,92,10,10
2019-08-01,1,6,150,0,21,21,0,0
2019-08-01,1,7,0,0,0,0,0,0
2019-08-01,1,8,0,0,0,0,0,0
2019-08-01,1,9,3,0,0,0,0,0
2019-08-01,1,37,19,0,6,2,6,0
2019-08-01,1,11,240,0,70,59,0,0
2019-08-01,0,12,127,0,73,0,0,0
2019-08-01,0,64,200,0,2,0,3,3
2019-08-01,0,28,80,0,27,27,5,0
2019-08-01,0,29,10,0,2,0,0,0
2019-08-01,0,14,200,0,12,0,0,0
2019-08-01,0,15,140,0,7,0,1,0
2019-08-01,0,38,34,0,28,18,0,0
2019-08-01,0,34,80,0,15,1,0,0
2019-08-01,0,36,17,0,9,0,0,0
2019-08-01,0,21,50,0,8,0,0,0
2019-08-01,0,40,50,0,11,0,0,0
2019-08-01,0,17,0,0,0,0,0,0
2019-08-01,0,16,0,0,0,0,0,0
2019-08-01,0,41,100,0,7,0,0,0
2019-08-01,0,31,40,0,5,0,0,0
2019-08-01,0,32,80,0,0,0,0,0
2019-08-01,0,27,12,0,4,0,0,0
2019-08-01,0,42,30,0,7,0,0,0
2019-08-01,0,23,106,0,7,0,1,0
2019-08-01,0,43,30,0,4,0,1,0
2019-08-01,0,44,30,0,4,0,0,0
2019-08-01,0,67,30,0,2,0,3,0
2019-08-01,0,46,50,0,3,0,0,0
2019-08-01,0,50,30,0,2,0,0,0
2019-08-01,0,51,8,0,3,0,0,0
2019-08-01,0,48,15,0,1,0,0,0
2019-08-01,0,49,20,0,2,0,2,0
2019-08-01,0,52,10,0,1,0,0,0
2019-08-01,0,33,40,0,6,0,2,0
2019-08-01,0,57,6,0,2,1,0,0
2019-08-01,0,26,20,0,1,0,3,0
2019-08-01,0,53,3,0,1,0,0,0
2019-08-01,0,54,6,0,2,1,1,0
2019-08-01,0,58,100,0,1,0,0,0
2019-08-01,0,59,12,0,2,0,1,0
2019-08-01,0,60,0,0,0,0,0,0
2019-08-01,0,61,4,0,4,0,0,0
2019-08-01,0,20,42,0,13,1,7,1
2019-08-01,0,35,10,0,0,0,3,3
2019-08-01,0,56,0,0,0,0,0,0
2019-08-01,0,65,5,0,3,0,0,0
2019-08-01,0,66,20,0,2,0,0,0
2019-08-01,0,68,65,0,2,0,0,0
2019-08-01,0,69,130,0,2,0,3,0
2019-09-01,1,0,330,0,150,88,0,0
2019-09-01,1,1,218,218,160,90,0,0
2019-09-01,1,2,30,0,9,0,0,0
2019-09-01,1,3,12,0,10,8,0,0
2019-09-01,1,4,240,0,189,181,0,0
2019-09-01,1,5,90,90,90,88,8,8
2019-09-01,1,6,150,0,21,21,0,0
2019-09-01,1,37,19,0,6,2,0,0
2019-09-01,1,11,240,0,70,58,0,0
2019-09-01,0,12,120,0,70,0,0,0
2019-09-01,0,64,200,0,2,0,0,0
2019-09-01,0,28,90,0,29,27,1,1
2019-09-01,0,29,10,0,2,0,0,0
2019-09-01,0,13,60,0,19,0,0,0
2019-09-01,0,14,200,0,11,0,1,0
2019-09-01,0,15,140,0,8,0,0,0
2019-09-01,0,38,34,0,28,18,0,0
2019-09-01,0,34,80,0,15,1,0,0
2019-09-01,0,36,17,0,9,0,1,1
2019-09-01,0,21,50,0,8,0,1,1
2019-09-01,0,40,50,0,11,0,0,0
2019-09-01,0,17,3,0,0,0,0,0
2019-09-01,0,16,0,0,0,0,0,0
2019-09-01,0,39,5,0,0,0,0,0
2019-09-01,0,41,100,0,8,0,0,0
2019-09-01,0,31,0,0,0,0,0,0
2019-09-01,0,32,70,0,0,0,0,0
2019-09-01,0,27,0,0,0,0,0,0
2019-09-01,0,42,30,0,7,0,2,0
2019-09-01,0,23,102,0,6,0,0,0
2019-09-01,0,43,30,0,4,0,0,0
2019-09-01,0,44,30,0,4,0,0,0
2019-09-01,0,67,35,0,2,0,5,0
2019-09-01,0,45,5,0,0,0,0,0
2019-09-01,0,46,50,0,3,0,0,0
2019-09-01,0,50,30,0,2,0,0,0
2019-09-01,0,51,8,0,3,0,0,0
2019-09-01,0,48,15,0,1,0,0,0
2019-09-01,0,49,20,0,2,0,2,0
2019-09-01,0,52,10,0,1,0,0,0
2019-09-01,0,33,50,7,0,0,0,0
2019-09-01,0,57,5,0,1,1,0,0
2019-09-01,0,26,25,0,2,0,0,0
2019-09-01,0,53,3,0,1,0,0,0
2019-09-01,0,54,6,0,2,1,1,0
2019-09-01,0,58,80,0,1,0,0,0
2019-09-01,0,59,12,0,2,0,2,0
2019-09-01,0,60,0,0,0,0,0,0
2019-09-01,0,61,10,0,7,0,7,0
2019-09-01,0,20,42,0,13,1,7,3
2019-09-01,0,35,10,0,0,0,3,3
2019-09-01,0,55,1,0,1,0,1,1
2019-09-01,0,56,0,0,0,0,0,0
2019-09-01,0,65,5,0,3,0,0,0
2019-09-01,0,66,20,0,3,0,1,1
2019-09-01,0,68,70,0,1,0,0,0
2019-09-01,0,69,140,0,3,0,0,0
2019-10-01,0,12,113,0,69,0,0,0
2019-10-01,0,64,195,0,2,0,0,0
2019-10-01,0,28,90,0,29,27,1,0
2019-10-01,0,29,10,0,2,0,1,0
2019-10-01,0,13,40,0,18,0,0,0
2019-10-01,0,14,200,0,10,0,0,0
2019-10-01,0,15,170,0,8,0,3,0
2019-10-01,0,38,34,0,28,18,1,0
2019-10-01,0,34,80,0,15,1,0,0
2019-10-01,0,36,17,0,8,0,1,0
2019-10-01,0,21,50,0,8,0,1,0
2019-10-01,0,40,50,0,11,0,0,0
2019-10-01,0,17,0,0,0,0,0,0
2019-10-01,0,16,0,0,0,0,0,0
2019-10-01,0,41,100,0,8,0,0,0
2019-10-01,0,31,0,0,0,0,0,0
2019-10-01,0,32,60,0,0,0,0,0
2019-10-01,0,27,0,0,0,0,0,0
2019-10-01,0,42,30,0,7,0,2,0
2019-10-01,0,23,105,0,6,0,0,0
2019-10-01,0,43,30,0,4,0,6,0
2019-10-01,0,44,30,0,4,0,0,0
2019-10-01,0,67,40,0,2,0,7,0
2019-10-01,0,46,50,0,3,0,0,0
2019-10-01,0,50,30,0,2,0,0,0
2019-10-01,0,51,8,0,3,0,0,0
2019-10-01,0,48,15,0,1,0,0,0
2019-10-01,0,49,20,0,2,0,0,0
2019-10-01,0,33,40,0,4,0,0,0
2019-10-01,0,57,5,0,1,1,0,0
2019-10-01,0,26,25,0,2,0,0,0
2019-10-01,0,53,3,0,1,1,0,0
2019-10-01,0,54,6,0,2,1,1,0
2019-10-01,0,58,100,0,1,0,0,0
2019-10-01,0,59,12,0,2,0,2,0
2019-10-01,0,61,10,0,8,0,5,0
2019-10-01,0,20,42,0,13,1,5,0
2019-10-01,0,35,10,0,0,0,3,3
2019-10-01,0,55,1,0,1,0,1,0
2019-10-01,0,65,5,0,3,0,0,0
2019-10-01,0,66,16,0,3,0,1,0
2019-10-01,0,68,70,0,1,0,0,0
2019-10-01,0,69,135,0,3,0,0,0
2019-10-01,1,0,330,0,150,88,28,0
2019-10-01,1,1,213,213,158,89,1,0
2019-10-01,1,2,20,0,8,0,0,0
2019-10-01,1,3,12,0,10,8,0,0
2019-10-01,1,4,225,0,188,188,20,20
2019-10-01,1,5,97,97,97,95,5,5
2019-10-01,1,6,150,0,21,21,0,0
2019-10-01,1,7,0,0,0,0,36,10
2019-10-01,1,8,0,0,0,0,0,10
2019-10-01,1,9,3,0,0,0,0,0
2019-10-01,1,37,19,0,6,2,0,0
2019-10-01,1,11,240,0,70,58,0,0
2019-11-01,0,12,115,0,66,0,0,0
2019-11-01,0,64,190,0,2,0,2,2
2019-11-01,0,28,90,0,29,27,1,0
2019-11-01,0,29,12,0,3,0,0,0
2019-11-01,0,13,40,0,17,0,0,0
2019-11-01,0,14,220,0,8,0,26,0
2019-11-01,0,15,170,0,8,0,0,0
2019-11-01,0,38,34,0,29,18,0,0
2019-11-01,0,34,80,0,15,1,0,0
2019-11-01,0,36,17,0,10,0,1,0
2019-11-01,0,21,60,0,8,0,0,0
2019-11-01,0,40,50,0,11,0,0,0
2019-11-01,0,17,0,0,0,0,0,0
2019-11-01,0,16,0,0,0,0,0,0
2019-11-01,0,39,40,0,4,0,0,0
2019-11-01,0,41,90,0,9,0,0,0
2019-11-01,0,32,60,0,0,0,0,0
2019-11-01,0,27,0,0,0,0,2,0
2019-11-01,0,42,30,0,8,0,4,0
2019-11-01,0,23,150,0,6,0,0,0
2019-11-01,0,43,30,0,4,0,7,0
2019-11-01,0,44,30,0,3,0,1,0
2019-11-01,0,67,40,0,2,0,1,0
2019-11-01,0,45,20,0,4,0,0,0
2019-11-01,0,46,50,0,3,0,0,0
2019-11-01,0,50,30,0,2,0,0,0
2019-11-01,0,51,6,0,3,0,0,0
2019-11-01,0,48,15,0,1,0,0,0
2019-11-01,0,49,20,0,2,0,2,0
2019-11-01,0,52,10,0,1,0,0,0
2019-11-01,0,33,50,0,3,0,1,0
2019-11-01,0,57,10,0,1,1,2,0
2019-11-01,0,26,30,0,2,0,10,0
2019-11-01,0,53,3,0,1,0,0,0
2019-11-01,0,54,6,0,2,1,1,0
2019-11-01,0,58,80,0,1,0,5,0
2019-11-01,0,59,12,0,1,0,0,0
2019-11-01,0,60,0,0,0,0,0,0
2019-11-01,0,61,10,0,8,0,5,0
2019-11-01,0,20,50,0,15,2,5,0
2019-11-01,0,35,10,0,0,0,3,3
2019-11-01,0,55,0,0,0,0,0,0
2019-11-01,0,56,0,0,0,0,0,0
2019-11-01,0,65,6,0,3,0,0,0
2019-11-01,0,66,16,0,3,0,2,0
2019-11-01,0,68,70,0,1,0,0,0
2019-11-01,0,69,135,0,3,0,0,0
2019-11-01,1,0,330,0,161,87,0,0
2019-11-01,1,1,207,207,157,88,1,0
2019-11-01,1,2,20,0,7,0,3,0
2019-11-01,1,3,12,0,10,8,0,0
2019-11-01,1,4,230,0,188,188,25,25
2019-11-01,1,5,96,96,96,94,20,15
2019-11-01,1,6,250,0,21,21,0,0
2019-11-01,1,7,2,0,1,0,10,0
2019-11-01,1,8,6,0,2,0,0,0
2019-11-01,1,9,3,0,0,0,0,0
2019-11-01,1,37,19,0,6,2,0,0
2019-11-01,1,11,240,0,70,58,10,0
2019-12-01,0,12,110,0,60,0,0,0
2019-12-01,0,64,190,0,2,0,3,3
2019-12-01,0,28,95,0,29,27,15,0
2019-12-01,0,29,12,0,3,0,0,0
2019-12-01,0,13,40,0,15,0,0,0
2019-12-01,0,14,200,0,8,0,16,0
2019-12-01,0,15,170,0,7,0,2,0
2019-12-01,0,38,34,0,29,18,0,0
2019-12-01,0,34,80,0,13,1,0,1
2019-12-01,0,36,16,0,9,0,0,0
2019-12-01,0,21,60,0,10,0,0,0
2019-12-01,0,40,50,0,10,0,0,0
2019-12-01,0,17,0,0,0,0,0,0
2019-12-01,0,16,0,0,0,0,0,0
2019-12-01,0,39,7,0,3,0,0,0
2019-12-01,0,41,80,0,8,0,1,0
2019-12-01,0,32,70,0,0,0,0,0
2019-12-01,0,27,1,0,0,0,2,0
2019-12-01,0,42,30,0,7,0,1,0
2019-12-01,0,43,30,0,4,0,7,0
2019-12-01,0,44,30,0,4,0,0,0
2019-12-01,0,67,40,0,3,0,0,0
2019-12-01,0,46,100,0,3,0,2,0
2019-12-01,0,50,20,0,2,0,1,0
2019-12-01,0,51,6,0,3,0,0,0
2019-12-01,0,48,15,0,1,0,2,0
2019-12-01,0,49,20,0,2,0,2,0
2019-12-01,0,33,80,0,4,0,1,0
2019-12-01,0,57,10,0,1,1,2,0
2019-12-01,0,26,40,0,2,0,5,0
2019-12-01,0,53,3,0,1,0,0,0
2019-12-01,0,54,6,0,2,1,1,0
2019-12-01,0,58,80,0,1,0,0,0
2019-12-01,0,59,12,0,1,0,1,0
2019-12-01,0,60,0,0,0,0,0,0
2019-12-01,0,61,10,0,8,0,5,0
2019-12-01,0,20,50,0,15,2,6,0
2019-12-01,0,35,11,0,1,1,14,14
2019-12-01,0,55,0,0,0,0,2,1
2019-12-01,0,56,0,0,0,0,0,0
2019-12-01,0,65,6,0,2,0,0,0
2019-12-01,0,66,16,0,3,0,2,0
2019-12-01,0,68,70,0,1,0,10,0
2019-12-01,0,69,138,0,3,0,1,0
2019-12-01,1,0,380,0,165,87,9,1
2019-12-01,1,1,215,215,155,88,0,0
2019-12-01,1,2,25,0,8,0,7,0
2019-12-01,1,3,11,0,10,8,0,0
2019-12-01,1,4,234,0,184,184,48,48
2019-12-01,1,5,96,96,96,94,20,15
2019-12-01,1,6,250,0,20,20,0,0
2019-12-01,1,7,2,0,2,1,14,14
2019-12-01,1,8,20,0,2,0,0,0
2019-12-01,1,9,3,0,0,0,0,0
2019-12-01,1,37,19,0,6,2,0,0
2019-12-01,1,11,240,0,70,58,10,0
2020-01-01,1,0,380,0,161,87,7,1
2020-01-01,1,1,211,211,156,88,1,0
2020-01-01,1,2,30,0,10,0,1,0
2020-01-01,1,3,8,0,7,6,0,0
2020-01-01,1,4,239,0,185,185,54,54
2020-01-01,1,5,95,95,95,93,40,40
2020-01-01,1,6,250,0,20,20,0,0
2020-01-01,1,7,28,0,4,1,0,0
2020-01-01,1,8,2,0,2,0,0,0
2020-01-01,1,9,3,0,0,0,0,0
2020-01-01,1,37,19,0,6,2,0,0
2020-01-01,1,11,240,0,70,58,10,0
2020-01-01,0,12,105,0,58,0,0,0
2020-01-01,0,64,185,0,2,0,2,2
2020-01-01,0,28,98,0,29,27,15,3
2020-01-01,0,29,12,0,3,0,1,0
2020-01-01,0,13,40,0,15,0,10,0
2020-01-01,0,14,220,0,9,0,12,0
2020-01-01,0,15,160,0,7,0,0,0
2020-01-01,0,38,34,0,29,18,1,1
2020-01-01,0,34,80,0,12,1,5,1
2020-01-01,0,36,16,0,9,0,0,0
2020-01-01,0,21,60,0,11,0,1,1
2020-01-01,0,40,50,0,10,0,0,0
2020-01-01,0,39,8,0,3,0,0,0
2020-01-01,0,41,80,0,8,0,0,0
2020-01-01,0,31,0,0,0,0,0,0
2020-01-01,0,32,70,0,0,0,0,0
2020-01-01,0,27,1,0,0,0,0,0
2020-01-01,0,42,30,0,7,0,1,0
2020-01-01,0,23,180,0,5,0,5,0
2020-01-01,0,43,30,0,4,0,7,0
2020-01-01,0,44,30,0,4,0,0,0
2020-01-01,0,67,40,0,3,0,0,0
2020-01-01,0,45,6,0,5,0,0,0
2020-01-01,0,46,100,50,3,0,10,0
2020-01-01,0,50,20,0,2,0,0,0
2020-01-01,0,51,6,0,3,0,0,0
2020-01-01,0,48,15,0,2,0,0,0
2020-01-01,0,49,20,0,2,0,1,0
2020-01-01,0,33,80,0,4,0,2,0
2020-01-01,0,57,10,0,1,1,1,0
2020-01-01,0,26,40,0,2,0,2,0
2020-01-01,0,53,5,0,1,1,0,0
2020-01-01,0,54,6,0,2,1,0,0
2020-01-01,0,58,80,0,1,0,0,0
2020-01-01,0,59,12,0,1,0,1,0
2020-01-01,0,60,0,0,0,0,0,0
2020-01-01,0,61,12,0,7,0,5,0
2020-01-01,0,20,50,0,13,2,6,0
2020-01-01,0,35,11,0,1,1,14,14
2020-01-01,0,65,6,0,2,0,0,0
2020-01-01,0,66,16,0,4,0,2,0
2020-01-01,0,68,68,0,1,0,10,0
2020-01-01,0,69,132,0,3,0,0,0
2020-02-01,1,0,380,0,149,88,6,0
2020-02-01,1,1,206,206,154,87,4,0
2020-02-01,1,2,30,0,9,0,2,0
2020-02-01,1,3,8,0,7,6,0,0
2020-02-01,1,4,241,0,187,187,54,54
2020-02-01,1,5,96,96,96,94,40,40
2020-02-01,1,6,200,0,20,20,0,0
2020-02-01,1,7,28,0,4,1,0,0
2020-02-01,1,8,2,0,2,0,0,0
2020-02-01,1,9,3,0,0,0,0,0
2020-02-01,1,37,19,0,5,2,0,0
2020-02-01,1,11,210,0,70,58,16,0
2020-02-01,0,12,105,0,57,0,0,0
2020-02-01,0,64,180,0,2,0,2,2
2020-02-01,0,28,110,0,29,27,0,0
2020-02-01,0,29,12,0,3,0,1,0
2020-02-01,0,13,45,0,16,0,7,0
2020-02-01,0,14,200,0,8,0,6,0
2020-02-01,0,15,150,0,7,0,0,0
2020-02-01,0,38,31,0,29,18,4,2
2020-02-01,0,34,80,0,12,1,3,1
2020-02-01,0,36,16,0,9,0,0,0
2020-02-01,0,21,60,0,11,0,0,0
2020-02-01,0,40,50,0,10,0,0,0
2020-02-01,0,41,80,0,8,0,0,0
2020-02-01,0,31,0,0,0,0,0,0
2020-02-01,0,32,70,0,0,0,0,0
2020-02-01,0,27,5,0,0,0,15,0
2020-02-01,0,42,30,0,7,0,1,0
2020-02-01,0,23,180,0,6,0,2,0
2020-02-01,0,43,30,0,4,0,6,0
2020-02-01,0,44,30,0,4,0,0,0
2020-02-01,0,67,40,0,3,0,1,0
2020-02-01,0,46,100,50,3,0,10,0
2020-02-01,0,50,20,0,2,0,0,0
2020-02-01,0,51,6,0,3,0,0,0
2020-02-01,0,48,15,0,1,0,2,0
2020-02-01,0,49,20,0,2,0,0,0
2020-02-01,0,33,80,0,3,0,1,0
2020-02-01,0,57,10,0,1,0,0,0
2020-02-01,0,26,50,0,2,0,20,0
2020-02-01,0,53,5,0,1,1,0,0
2020-02-01,0,54,30,0,2,1,2,1
2020-02-01,0,58,80,0,1,0,0,0
2020-02-01,0,59,12,0,2,0,2,0
2020-02-01,0,60,0,0,0,0,0,0
2020-02-01,0,61,12,0,7,0,5,0
2020-02-01,0,20,50,0,13,2,6,0
2020-02-01,0,35,11,0,1,1,14,14
2020-02-01,0,56,0,0,0,0,1,0
2020-02-01,0,65,6,0,2,0,1,1
2020-02-01,0,66,40,0,4,0,1,0
2020-02-01,0,68,75,0,2,0,2,0
2020-02-01,0,69,100,0,4,0,0,0
2020-03-01,1,0,380,0,154,88,3,0
2020-03-01,1,1,206,206,152,85,3,0
2020-03-01,1,2,35,0,9,0,4,0
2020-03-01,1,3,8,0,7,6,1,0
2020-03-01,1,4,238,0,186,186,54,54
2020-03-01,1,5,96,96,96,92,40,40
2020-03-01,1,6,150,0,20,20,0,0
2020-03-01,1,7,28,0,4,1,0,0
2020-03-01,1,8,2,0,2,0,0,0
2020-03-01,1,37,15,0,4,2,0,0
2020-03-01,1,11,230,0,74,62,6,12
2020-03-01,0,12,100,0,56,0,0,0
2020-03-01,0,64,180,0,2,0,0,0
2020-03-01,0,28,120,0,27,25,0,0
2020-03-01,0,29,12,0,3,0,1,0
2020-03-01,0,13,50,0,16,0,0,0
2020-03-01,0,14,190,0,8,0,6,0
2020-03-01,0,15,150,0,7,0,0,0
2020-03-01,0,38,34,0,29,18,0,0
2020-03-01,0,34,80,0,12,1,0,0
2020-03-01,0,36,16,0,8,0,0,0
2020-03-01,0,21,60,0,11,0,0,0
2020-03-01,0,40,50,0,10,0,0,0
2020-03-01,0,17,0,0,0,0,0,0
2020-03-01,0,16,0,0,0,0,0,0
2020-03-01,0,39,0,0,0,0,0,0
2020-03-01,0,41,80,0,8,0,0,0
2020-03-01,0,31,0,0,0,0,0,0
2020-03-01,0,32,70,0,0,0,0,0
2020-03-01,0,27,16,0,0,0,5,0
2020-03-01,0,42,30,0,7,0,0,0
2020-03-01,0,23,180,0,6,0,0,0
2020-03-01,0,43,30,0,0,0,2,0
2020-03-01,0,44,30,0,4,0,0,0
2020-03-01,0,67,40,0,3,0,0,0
2020-03-01,0,45,1,1,1,0,0,0
2020-03-01,0,46,100,50,3,0,10,0
2020-03-01,0,50,20,0,2,0,0,0
2020-03-01,0,51,6,0,3,0,0,0
2020-03-01,0,48,15,0,1,0,1,0
2020-03-01,0,49,10,0,2,0,0,0
2020-03-01,0,33,80,0,3,0,0,0
2020-03-01,0,57,10,0,0,1,0,0
2020-03-01,0,26,60,0,2,0,20,0
2020-03-01,0,53,4,0,0,0,0,0
2020-03-01,0,58,80,0,1,0,0,0
2020-03-01,0,59,12,0,2,0,1,0
2020-03-01,0,60,0,0,0,0,0,0
2020-03-01,0,61,8,0,3,0,5,0
2020-03-01,0,20,50,0,13,2,6,0
2020-03-01,0,35,11,0,1,1,10,10
2020-03-01,0,65,6,0,2,0,1,1
2020-03-01,0,66,40,0,5,0,0,0
2020-03-01,0,68,80,0,2,0,2,0
2020-03-01,0,69,90,0,4,0,0,0
2020-04-01,1,0,380,0,154,91,3,0
2020-04-01,1,1,211,211,157,84,1,1
2020-04-01,1,2,35,0,9,0,1,0
2020-04-01,1,3,9,0,8,6,3,0
2020-04-01,1,4,258,0,185,185,54,54
2020-04-01,1,5,93,93,93,89,40,40
2020-04-01,1,6,150,0,20,20,0,0
2020-04-01,1,7,28,0,4,1,0,0
2020-04-01,1,8,2,0,2,0,0,0
2020-04-01,1,37,15,0,4,2,0,0
2020-04-01,1,11,230,0,74,62,3,12
2020-04-01,0,12,100,16,55,0,0,0
2020-04-01,0,64,180,0,2,0,0,0
2020-04-01,0,28,118,0,27,25,10,0
2020-04-01,0,13,50,0,15,0,0,0
2020-04-01,0,14,190,0,8,0,1,0
2020-04-01,0,15,150,0,6,0,0,0
2020-04-01,0,38,34,0,29,18,0,0
2020-04-01,0,34,80,0,16,2,0,0
2020-04-01,0,36,16,0,9,0,0,0
2020-04-01,0,21,50,0,5,0,0,0
2020-04-01,0,40,50,0,10,0,0,0
2020-04-01,0,16,0,0,0,0,0,0
2020-04-01,0,39,0,0,0,0,0,0
2020-04-01,0,41,70,0,5,0,1,0
2020-04-01,0,31,0,0,0,0,0,0
2020-04-01,0,32,60,0,0,0,0,0
2020-04-01,0,27,16,0,0,0,3,0
2020-04-01,0,42,30,0,6,0,0,0
2020-04-01,0,23,110,0,6,0,0,0
2020-04-01,0,43,30,0,4,0,0,0
2020-04-01,0,44,80,0,4,0,0,0
2020-04-01,0,67,40,0,3,0,0,0
2020-04-01,0,46,100,50,2,0,10,0
2020-04-01,0,50,20,0,2,0,0,0
2020-04-01,0,51,6,0,3,0,0,0
2020-04-01,0,48,15,0,1,0,2,0
2020-04-01,0,49,7,0,2,0,0,0
2020-04-01,0,33,70,0,2,0,0,0
2020-04-01,0,57,10,0,0,1,0,0
2020-04-01,0,26,60,0,2,0,5,0
2020-04-01,0,58,80,0,1,0,0,0
2020-04-01,0,60,0,0,0,0,0,0
2020-04-01,0,61,5,0,3,0,5,0
2020-04-01,0,20,50,0,9,2,6,0
2020-04-01,0,35,11,0,1,1,0,0
2020-04-01,0,65,6,0,2,0,1,0
2020-04-01,0,66,40,0,5,0,0,0
2020-04-01,0,68,80,0,2,0,2,0
2020-04-01,0,69,80,0,3,0,0,0
2020-05-01,1,0,380,0,159,91,3,0
2020-05-01,1,2,35,0,9,0,2,0
2020-05-01,1,3,11,0,10,6,1,0
2020-05-01,1,4,272,0,185,185,54,54
2020-05-01,1,5,93,93,93,89,40,40
2020-05-01,1,6,150,0,20,20,0,0
2020-05-01,1,8,28,0,4,1,0,0
2020-05-01,1,7,2,0,2,0,0,0
2020-05-01,1,37,15,0,4,2,0,0
2020-05-01,1,11,230,0,74,63,12,12
2020-05-01,0,12,100,16,53,0,0,0
2020-05-01,0,64,180,0,2,0,0,0
2020-05-01,0,28,110,0,27,25,0,0
2020-05-01,0,29,10,0,2,0,1,0
2020-05-01,0,13,50,0,15,0,0,0
2020-05-01,0,14,220,0,11,0,3,0
2020-05-01,0,15,150,0,6,0,0,0
2020-05-01,0,34,80,0,16,2,0,0
2020-05-01,0,36,16,0,9,0,0,0
2020-05-01,0,21,50,0,5,0,0,0
2020-05-01,0,40,50,0,10,0,0,0
2020-05-01,0,17,0,0,0,0,0,0
2020-05-01,0,16,0,0,0,0,0,0
2020-05-01,0,39,0,0,0,0,0,0
2020-05-01,0,41,70,0,5,0,1,0
2020-05-01,0,31,0,0,0,0,0,0
2020-05-01,0,27,16,0,0,0,0,0
2020-05-01,0,42,30,0,6,0,0,0
2020-05-01,0,23,150,0,6,0,0,0
2020-05-01,0,43,30,0,5,0,1,0
2020-05-01,0,44,50,0,4,0,0,0
2020-05-01,0,67,40,0,3,0,0,0
2020-05-01,0,46,100,50,3,0,10,0
2020-05-01,0,50,20,0,2,0,0,0
2020-05-01,0,51,6,0,2,0,0,0
2020-05-01,0,48,15,0,1,0,1,0
2020-05-01,0,49,6,0,2,0,0,0
2020-05-01,0,33,60,0,1,0,0,0
2020-05-01,0,57,10,0,0,1,0,0
2020-05-01,0,26,50,0,2,0,0,0
2020-05-01,0,58,80,0,1,0,0,0
2020-05-01,0,59,30,0,2,0,2,0
2020-05-01,0,60,0,0,0,0,0,0
2020-05-01,0,61,5,0,3,0,3,0
2020-05-01,0,20,50,0,8,2,1,0
2020-05-01,0,35,11,0,1,1,0,0
2020-05-01,0,65,6,0,4,0,0,0
2020-05-01,0,66,40,0,3,0,0,0
2020-05-01,0,68,85,0,2,0,10,0
2020-05-01,0,69,65,0,3,0,0,0
2020-06-01,1,0,380,0,156,89,1,1
2020-06-01,1,1,216,216,153,85,2,0
2020-06-01,1,2,35,0,10,0,3,0
2020-06-01,1,3,12,0,12,6,0,0
2020-06-01,1,4,286,0,185,185,54,54
2020-06-01,1,5,94,94,94,89,40,40
2020-06-01,1,6,150,0,20,20,0,0
2020-06-01,1,8,28,0,4,1,0,0
2020-06-01,1,7,2,0,2,0,0,0
2020-06-01,1,37,4,0,4,2,0,0
2020-06-01,1,11,230,0,14,63,3,3
2020-06-01,0,12,100,16,30,0,0,0
2020-06-01,0,64,180,0,2,0,0,0
2020-06-01,0,28,113,0,26,25,0,0
2020-06-01,0,29,10,2,0,0,0,0
2020-06-01,0,13,50,0,15,0,0,0
2020-06-01,0,14,200,0,9,0,3,0
2020-06-01,0,15,150,0,6,0,0,0
2020-06-01,0,38,37,0,27,18,0,0
2020-06-01,0,34,70,0,11,1,0,0
2020-06-01,0,36,6,0,2,0,0,0
2020-06-01,0,21,50,0,5,0,0,0
2020-06-01,0,40,50,0,9,0,0,0
2020-06-01,0,17,0,0,0,0,0,0
2020-06-01,0,16,0,0,0,0,0,0
2020-06-01,0,41,70,0,0,0,0,0
2020-06-01,0,27,16,0,0,0,0,0
2020-06-01,0,42,30,0,6,0,0,0
2020-06-01,0,23,20,0,0,0,0,0
2020-06-01,0,43,30,0,5,0,1,0
2020-06-01,0,44,40,0,3,0,0,0
2020-06-01,0,67,40,0,3,0,0,0
2020-06-01,0,46,100,50,3,0,10,0
2020-06-01,0,50,20,0,2,0,0,0
2020-06-01,0,51,6,0,2,0,0,0
2020-06-01,0,48,15,0,1,0,1,0
2020-06-01,0,49,5,0,2,0,0,0
2020-06-01,0,33,30,0,1,0,0,0
2020-06-01,0,57,10,0,0,1,1,1
2020-06-01,0,26,40,0,1,0,0,0
2020-06-01,0,58,80,0,1,0,0,0
2020-06-01,0,59,30,0,2,0,1,0
2020-06-01,0,61,6,0,4,0,3,0
2020-06-01,0,20,50,0,8,2,1,0
2020-06-01,0,35,11,0,1,1,0,0
2020-06-01,0,65,6,0,4,0,0,0
2020-06-01,0,66,40,0,3,0,0,0
2020-06-01,0,68,97,0,4,0,0,0
2020-06-01,0,69,55,0,2,0,0,0
2020-07-01,1,0,380,0,156,89,2,1
2020-07-01,1,1,205,205,152,85,5,0
2020-07-01,1,2,35,0,9,0,2,0
2020-07-01,1,3,12,0,12,6,0,0
2020-07-01,1,4,310,0,200,191,7,7
2020-07-01,1,5,95,95,95,90,20,20
2020-07-01,1,6,150,0,20,20,0,0
2020-07-01,1,8,28,0,4,1,0,0
2020-07-01,1,7,2,0,2,0,0,0
2020-07-01,1,37,2,0,2,2,0,0
2020-07-01,1,11,230,0,14,63,0,3
2020-07-01,0,12,100,16,30,0,0,0
2020-07-01,0,64,180,0,2,0,0,0
2020-07-01,0,28,110,0,26,25,0,0
2020-07-01,0,29,10,2,0,0,0,0
2020-07-01,0,13,45,0,15,0,0,0
2020-07-01,0,14,220,0,8,0,4,0
2020-07-01,0,15,150,0,7,0,0,0
2020-07-01,0,38,37,0,27,18,0,0
2020-07-01,0,34,70,0,11,1,0,0
2020-07-01,0,36,6,0,2,0,0,0
2020-07-01,0,21,50,0,5,0,0,0
2020-07-01,0,40,50,0,9,0,0,0
2020-07-01,0,41,70,0,5,0,0,0
2020-07-01,0,31,0,0,0,0,0,0
2020-07-01,0,42,30,0,5,0,0,0
2020-07-01,0,23,20,0,0,0,0,0
2020-07-01,0,43,30,0,6,0,0,0
2020-07-01,0,44,40,0,3,0,0,0
2020-07-01,0,67,40,0,3,0,0,0
2020-07-01,0,46,100,50,3,0,10,0
2020-07-01,0,50,20,0,2,0,1,0
2020-07-01,0,51,6,0,2,0,0,0
2020-07-01,0,48,15,0,1,0,0,0
2020-07-01,0,49,3,0,1,0,0,0
2020-07-01,0,33,30,0,1,0,0,0
2020-07-01,0,57,10,0,0,1,3,1
2020-07-01,0,26,45,0,1,0,0,0
2020-07-01,0,58,80,0,1,0,0,0
2020-07-01,0,59,30,0,2,0,2,2
2020-07-01,0,61,6,0,4,0,3,0
2020-07-01,0,20,50,0,8,2,1,0
2020-07-01,0,35,11,0,1,1,0,0
2020-07-01,0,65,6,0,4,0,0,0
2020-07-01,0,66,40,0,3,0,0,0
2020-07-01,0,68,100,0,4,0,0,0
2020-07-01,0,69,50,0,2,0,0,0
2020-08-01,1,0,380,0,156,89,2,1
2020-08-01,1,1,206,206,152,86,1,0
2020-08-01,1,2,35,0,10,0,1,0
2020-08-01,1,3,12,0,12,6,0,0
2020-08-01,1,4,292,0,203,195,34,34
2020-08-01,1,5,103,103,103,97,20,20
2020-08-01,1,6,150,0,20,20,0,0
2020-08-01,1,8,28,0,4,1,0,0
2020-08-01,1,7,2,0,2,0,0,0
2020-08-01,1,37,2,0,2,2,0,0
2020-08-01,1,11,230,0,14,63,3,3
2020-08-01,0,12,100,16,29,0,0,0
2020-08-01,0,64,180,0,2,0,0,0
2020-08-01,0,28,110,0,26,25,0,0
2020-08-01,0,29,10,2,0,0,0,0
2020-08-01,0,13,45,0,14,0,1,0
2020-08-01,0,14,220,0,7,0,20,0
2020-08-01,0,15,150,0,6,0,1,0
2020-08-01,0,38,37,0,10,18,0,0
2020-08-01,0,34,70,0,11,1,0,0
2020-08-01,0,36,6,0,2,0,0,0
2020-08-01,0,21,5,0,5,0,0,0
2020-08-01,0,40,50,0,9,0,2,0
2020-08-01,0,17,0,0,0,0,0,0
2020-08-01,0,16,0,0,0,0,0,0
2020-08-01,0,41,70,0,5,0,0,0
2020-08-01,0,42,30,0,2,0,0,0
2020-08-01,0,23,10,0,0,0,0,0
2020-08-01,0,43,30,0,5,0,2,0
2020-08-01,0,44,40,0,3,0,0,0
2020-08-01,0,67,40,0,3,0,0,0
2020-08-01,0,46,100,50,3,0,10,0
2020-08-01,0,50,20,0,3,0,0,0
2020-08-01,0,51,6,0,2,0,0,0
2020-08-01,0,48,15,0,1,0,1,0
2020-08-01,0,49,0,0,0,0,0,0
2020-08-01,0,33,30,0,1,0,5,0
2020-08-01,0,57,10,0,0,1,2,0
2020-08-01,0,26,40,0,1,0,0,0
2020-08-01,0,58,80,0,1,0,0,0
2020-08-01,0,59,30,0,2,0,3,0
2020-08-01,0,61,6,0,4,0,2,0
2020-08-01,0,20,50,0,8,2,1,0
2020-08-01,0,35,11,0,1,1,0,0
2020-08-01,0,65,6,0,4,0,0,0
2020-08-01,0,66,40,0,3,0,0,0
2020-08-01,0,68,105,0,4,0,2,0
2020-08-01,0,69,50,0,2,0,0,0
2020-09-01,1,0,380,0,152,89,11,1
2020-09-01,1,1,207,207,153,79,4,0
2020-09-01,1,2,37,0,11,0,2,0
2020-09-01,1,3,12,0,12,6,0,0
2020-09-01,1,4,319,0,206,198,54,54
2020-09-01,1,5,114,114,114,97,20,20
2020-09-01,1,6,150,0,20,20,0,0
2020-09-01,1,8,28,0,4,1,0,0
2020-09-01,1,7,2,0,2,0,0,0
2020-09-01,1,37,2,0,2,2,0,0
2020-09-01,1,11,260,0,11,62,6,0
2020-09-01,0,12,100,16,29,0,0,0
2020-09-01,0,64,170,0,2,0,0,0
2020-09-01,0,28,110,0,25,25,0,0
2020-09-01,0,29,10,2,0,0,0,0
2020-09-01,0,13,50,0,16,0,2,0
2020-09-01,0,14,230,0,5,0,20,0
2020-09-01,0,15,150,0,6,0,2,0
2020-09-01,0,38,38,0,29,18,1,0
2020-09-01,0,34,70,0,10,1,0,0
2020-09-01,0,36,0,0,0,0,0,0
2020-09-01,0,21,5,0,5,0,0,0
2020-09-01,0,40,50,0,9,0,2,0
2020-09-01,0,17,0,0,0,0,0,0
2020-09-01,0,16,8,0,0,0,15,0
2020-09-01,0,19,0,0,0,0,15,0
2020-09-01,0,41,70,0,5,0,1,0
2020-09-01,0,42,30,0,2,0,0,0
2020-09-01,0,23,10,0,0,0,0,0
2020-09-01,0,43,30,0,7,0,0,0
2020-09-01,0,44,40,0,2,0,0,0
2020-09-01,0,67,40,0,5,0,0,0
2020-09-01,0,46,100,50,3,0,10,0
2020-09-01,0,50,20,0,3,0,0,0
2020-09-01,0,51,5,0,2,0,0,0
2020-09-01,0,48,15,0,1,0,1,0
2020-09-01,0,33,30,0,1,0,5,0
2020-09-01,0,57,10,0,0,1,2,0
2020-09-01,0,26,60,0,1,0,0,0
2020-09-01,0,61,6,0,4,0,2,0
2020-09-01,0,20,50,0,8,2,1,0
2020-09-01,0,65,6,0,4,0,0,0
2020-09-01,0,66,40,0,3,0,0,0
2020-09-01,0,68,108,0,4,0,0,0
2020-09-01,0,69,75,0,2,0,0,0
2020-10-01,1,0,380,0,141,87,10,0
2020-10-01,1,1,207,207,152,79,6,0
2020-10-01,1,2,38,0,11,0,3,0
2020-10-01,1,3,8,0,8,6,0,0
2020-10-01,1,4,330,0,212,206,54,54
2020-10-01,1,5,119,119,119,98,20,20
2020-10-01,1,6,150,0,20,20,0,0
2020-10-01,1,8,28,0,4,1,0,0
2020-10-01,1,7,2,0,2,0,0,0
2020-10-01,1,37,1,0,1,1,0,0
2020-10-01,1,11,270,0,11,62,5,0
2020-10-01,0,12,100,16,29,0,0,0
2020-10-01,0,64,170,0,2,0,0,0
2020-10-01,0,28,110,0,26,25,0,0
2020-10-01,0,29,10,2,0,0,1,0
2020-10-01,0,13,55,0,16,0,7,0
2020-10-01,0,14,230,0,5,0,20,0
2020-10-01,0,15,150,0,6,0,2,0
2020-10-01,0,38,38,0,29,18,0,0
2020-10-01,0,34,70,0,10,1,10,0
2020-10-01,0,36,2,0,2,0,6,0
2020-10-01,0,21,5,0,5,0,0,0
2020-10-01,0,40,50,0,9,0,0,0
2020-10-01,0,17,6,0,0,0,8,0
2020-10-01,0,16,17,0,1,0,0,0
2020-10-01,0,19,25,0,2,0,0,0
2020-10-01,0,41,70,0,5,0,0,0
2020-10-01,0,42,30,0,2,0,0,0
2020-10-01,0,43,30,0,7,0,0,0
2020-10-01,0,44,50,0,2,0,0,0
2020-10-01,0,67,40,0,6,0,0,0
2020-10-01,0,46,100,50,3,0,10,0
2020-10-01,0,50,20,0,3,0,0,0
2020-10-01,0,51,5,0,2,0,0,0
2020-10-01,0,48,15,0,1,0,1,0
2020-10-01,0,33,30,0,1,0,0,0
2020-10-01,0,57,10,0,1,0,3,0
2020-10-01,0,26,40,0,1,27,0,0
2020-10-01,0,61,7,0,5,0,2,0
2020-10-01,0,20,50,0,8,2,1,0
2020-10-01,0,65,6,0,3,0,0,0
2020-10-01,0,66,40,0,2,0,1,0
2020-10-01,0,68,108,0,4,0,0,0
2020-10-01,0,69,90,0,3,0,0,0
2020-11-01,1,0,380,0,142,88,5,0
2020-11-01,1,1,226,226,163,81,1,6
2020-11-01,1,2,38,0,11,0,2,0
2020-11-01,1,3,3,0,3,3,0,0
2020-11-01,1,4,343,0,216,210,54,54
2020-11-01,1,5,128,128,128,112,1,1
2020-11-01,1,6,100,0,17,17,0,0
2020-11-01,1,8,28,0,4,1,0,0
2020-11-01,1,7,2,0,2,0,0,0
2020-11-01,1,37,1,0,1,1,0,0
2020-11-01,1,11,280,0,76,0,25,0
2020-11-01,0,12,100,16,29,0,0,0
2020-11-01,0,64,170,0,2,0,0,0
2020-11-01,0,28,110,0,26,25,0,0
2020-11-01,0,29,10,2,0,0,1,0
2020-11-01,0,13,60,0,16,0,6,0
2020-11-01,0,14,250,0,4,0,39,0
2020-11-01,0,15,150,0,6,0,3,0
2020-11-01,0,38,38,0,29,18,0,0
2020-11-01,0,34,70,0,11,1,3,0
2020-11-01,0,36,2,0,2,0,6,0
2020-11-01,0,21,5,0,5,0,1,0
2020-11-01,0,40,50,0,7,0,0,0
2020-11-01,0,17,20,0,0,0,0,0
2020-11-01,0,16,20,0,1,0,0,0
2020-11-01,0,19,30,0,2,0,0,0
2020-11-01,0,41,70,0,5,0,0,0
2020-11-01,0,42,30,0,2,0,0,0
2020-11-01,0,43,30,0,7,0,1,0
2020-11-01,0,44,40,0,2,0,0,0
2020-11-01,0,67,40,0,6,0,1,0
2020-11-01,0,46,100,50,3,0,10,0
2020-11-01,0,50,20,0,3,0,0,0
2020-11-01,0,51,5,0,2,0,0,0
2020-11-01,0,48,15,0,1,0,0,0
2020-11-01,0,33,50,0,1,0,2,0
2020-11-01,0,57,10,0,1,0,3,0
2020-11-01,0,26,45,0,1,0,0,0
2020-11-01,0,61,4,0,2,0,2,0
2020-11-01,0,20,50,0,8,2,1,0
2020-11-01,0,65,6,0,3,0,0,0
2020-11-01,0,66,40,0,2,0,1,0
2020-11-01,0,68,90,0,5,0,0,0
2020-11-01,0,69,95,0,4,0,0,0
2020-12-01,1,0,380,0,140,88,5,0
2020-12-01,1,1,217,217,163,87,3,0
2020-12-01,1,2,38,0,11,0,1,0
2020-12-01,1,3,4,0,3,3,0,0
2020-12-01,1,4,378,0,237,232,34,34
2020-12-01,1,5,128,128,128,112,1,1
2020-12-01,1,6,100,0,17,17,0,0
2020-12-01,1,8,28,0,4,1,0,0
2020-12-01,1,7,2,0,2,0,0,0
2020-12-01,1,37,1,0,1,1,0,0
2020-12-01,1,11,280,0,73,59,10,0
2020-12-01,0,12,100,16,29,0,0,0
2020-12-01,0,64,170,0,2,0,0,0
2020-12-01,0,28,105,0,25,25,0,0
2020-12-01,0,29,10,2,0,0,1,0
2020-12-01,0,13,60,0,16,0,10,0
2020-12-01,0,14,290,0,4,0,54,0
2020-12-01,0,15,140,0,7,0,0,0
2020-12-01,0,38,39,0,29,18,2,0
2020-12-01,0,34,70,0,14,1,20,0
2020-12-01,0,36,6,0,6,0,6,0
2020-12-01,0,21,70,0,5,0,5,0
2020-12-01,0,40,50,0,7,0,0,0
2020-12-01,0,17,20,0,0,0,0,0
2020-12-01,0,16,30,0,1,0,0,0
2020-12-01,0,19,40,0,2,0,0,0
2020-12-01,0,41,70,0,4,0,2,0
2020-12-01,0,42,30,0,2,0,0,0
2020-12-01,0,43,30,0,7,0,4,0
2020-12-01,0,44,30,0,2,0,0,0
2020-12-01,0,67,40,0,4,0,0,0
2020-12-01,0,46,100,50,3,0,10,0
2020-12-01,0,50,20,0,3,0,0,0
2020-12-01,0,51,5,0,2,0,0,0
2020-12-01,0,48,15,0,1,0,0,0
2020-12-01,0,77,40,0,1,0,2,0
2020-12-01,0,57,10,0,1,1,3,0
2020-12-01,0,26,50,0,1,0,0,0
2020-12-01,0,61,5,0,3,0,3,0
2020-12-01,0,20,50,0,8,2,1,0
2020-12-01,0,35,11,0,1,1,0,0
2020-12-01,0,65,6,0,3,0,0,0
2020-12-01,0,66,40,0,2,0,1,0
2020-12-01,0,68,60,0,3,0,0,0
2020-12-01,0,69,110,0,4,0,4,0
2021-01-01,1,0,380,0,140,88,5,0
2021-01-01,1,1,218,218,164,85,5,0
2021-01-01,1,2,39,0,11,0,0,0
2021-01-01,1,3,4,0,3,3,0,0
2021-01-01,1,4,358,0,237,233,34,34
2021-01-01,1,5,127,127,127,111,1,1
2021-01-01,1,6,100,0,17,17,0,0
2021-01-01,1,8,28,0,4,1,0,0
2021-01-01,1,7,2,0,2,0,0,0
2021-01-01,1,37,1,0,1,1,0,0
2021-01-01,1,11,280,0,13,59,5,0
2021-01-01,0,12,100,16,26,0,0,0
2021-01-01,0,64,170,0,2,0,1,1
2021-01-01,0,28,105,0,25,25,0,0
2021-01-01,0,29,6,0,2,0,0,0
2021-01-01,0,13,65,0,16,0,12,0
2021-01-01,0,14,290,0,7,0,10,0
2021-01-01,0,15,140,0,7,0,2,0
2021-01-01,0,38,38,0,29,18,2,0
2021-01-01,0,34,75,0,16,1,3,0
2021-01-01,0,36,6,0,6,0,6,0
2021-01-01,0,21,70,0,5,0,0,0
2021-01-01,0,40,50,0,7,0,0,0
2021-01-01,0,17,20,0,0,0,0,0
2021-01-01,0,16,30,0,1,0,0,0
2021-01-01,0,19,40,0,2,0,2,0
2021-01-01,0,39,2,0,2,2,4,4
2021-01-01,0,41,70,0,3,0,2,0
2021-01-01,0,27,20,0,1,0,5,0
2021-01-01,0,42,30,0,2,0,0,0
2021-01-01,0,43,30,0,7,0,4,0
2021-01-01,0,44,30,0,2,0,0,0
2021-01-01,0,67,40,0,3,0,0,0
2021-01-01,0,45,0,0,0,0,0,0
2021-01-01,0,46,100,50,3,0,10,0
2021-01-01,0,50,20,0,3,0,0,0
2021-01-01,0,51,5,0,2,0,0,0
2021-01-01,0,48,15,0,1,0,0,0
2021-01-01,0,77,40,0,2,0,3,0
2021-01-01,0,57,10,0,1,1,3,0
2021-01-01,0,26,50,0,1,0,0,0
2021-01-01,0,61,4,0,2,0,0,0
2021-01-01,0,20,50,0,8,2,1,0
2021-01-01,0,35,11,0,1,1,0,0
2021-01-01,0,65,6,0,3,0,0,0
2021-01-01,0,66,40,0,1,0,0,0
2021-01-01,0,78,10,0,3,3,0,0
2021-01-01,0,79,50,0,3,0,3,0
2021-01-01,0,80,30,0,5,0,0,0
2021-01-01,0,81,10,0,3,0,1,0
2021-01-01,0,68,63,0,3,0,0,0
2021-01-01,0,83,105,0,4,0,10,0
2021-02-01,1,0,380,0,140,89,20,10
2021-02-01,1,1,218,218,164,85,5,0
2021-02-01,1,2,39,0,11,0,0,0
2021-02-01,1,3,4,0,3,3,0,0
2021-02-01,1,4,348,0,236,232,34,34
2021-02-01,1,5,127,127,127,111,24,24
2021-02-01,1,6,130,0,17,17,0,0
2021-02-01,1,8,28,0,4,1,0,0
2021-02-01,1,7,2,0,2,0,0,0
2021-02-01,1,37,0,0,0,0,0,0
2021-02-01,1,84,1,0,1,1,0,0
2021-02-01,1,11,280,0,12,59,5,0
2021-02-01,0,12,100,16,26,0,0,0
2021-02-01,0,64,160,0,2,0,1,1
2021-02-01,0,28,110,0,33,25,3,3
2021-02-01,0,29,6,0,2,0,0,0
2021-02-01,0,13,65,0,19,0,10,0
2021-02-01,0,14,290,0,6,0,10,0
2021-02-01,0,15,140,0,7,0,2,1
2021-02-01,0,38,40,0,28,18,0,0
2021-02-01,0,34,80,0,19,1,2,0
2021-02-01,0,36,6,0,6,0,6,0
2021-02-01,0,21,70,0,5,0,0,0
2021-02-01,0,40,50,0,7,0,1,0
2021-02-01,0,16,35,0,1,0,0,0
2021-02-01,0,19,45,0,2,0,4,0
2021-02-01,0,39,2,0,2,2,0,0
2021-02-01,0,41,65,0,3,0,2,0
2021-02-01,0,27,20,0,1,0,10,0
2021-02-01,0,42,25,0,2,0,0,0
2021-02-01,0,43,30,0,7,0,4,0
2021-02-01,0,44,30,0,2,0,0,0
2021-02-01,0,67,40,0,3,0,0,0
2021-02-01,0,46,100,50,3,0,10,0
2021-02-01,0,50,20,0,3,0,1,0
2021-02-01,0,51,5,0,2,0,0,0
2021-02-01,0,48,15,0,1,0,8,0
2021-02-01,0,77,40,0,1,0,0,0
2021-02-01,0,57,10,0,1,1,3,0
2021-02-01,0,26,40,0,1,0,0,0
2021-02-01,0,61,5,0,2,0,0,0
2021-02-01,0,20,50,0,8,2,1,0
2021-02-01,0,35,11,0,1,1,1,0
2021-02-01,0,65,6,0,3,0,0,0
2021-02-01,0,66,40,0,1,0,0,0
2021-02-01,0,78,10,0,3,3,0,0
2021-02-01,0,79,50,0,2,0,10,0
2021-02-01,0,80,15,0,5,0,0,0
2021-02-01,0,81,10,0,3,0,1,0
2021-02-01,0,68,80,0,3,0,0,0
2021-02-01,0,83,135,0,5,0,0,0
2021-03-01,1,0,380,0,138,89,15,10
2021-03-01,1,1,223,223,169,86,13,10
2021-03-01,1,2,38,0,11,0,2,0
2021-03-01,1,3,4,0,3,3,0,0
2021-03-01,1,4,342,0,236,232,34,34
2021-03-01,1,5,127,127,127,111,24,24
2021-03-01,1,6,130,0,17,17,0,0
2021-03-01,1,8,28,0,4,1,0,0
2021-03-01,1,7,2,0,2,0,0,0
2021-03-01,1,84,1,0,1,1,0,0
2021-03-01,1,11,290,0,11,58,22,13
2021-03-01,0,12,100,16,24,0,0,0
2021-03-01,0,64,150,0,3,0,1,1
2021-03-01,0,28,115,0,33,25,3,3
2021-03-01,0,29,6,0,2,0,0,0
2021-03-01,0,13,65,0,19,0,8,0
2021-03-01,0,85,280,0,5,0,0,0
2021-03-01,0,15,130,0,8,0,0,0
2021-03-01,0,38,39,0,28,18,2,0
2021-03-01,0,34,60,0,19,1,1,0
2021-03-01,0,36,5,0,5,0,6,0
2021-03-01,0,21,70,0,4,0,0,0
2021-03-01,0,40,50,0,7,0,0,0
2021-03-01,0,16,55,0,1,0,0,0
2021-03-01,0,19,30,0,0,1,3,0
2021-03-01,0,39,2,0,2,2,0,0
2021-03-01,0,41,65,0,3,0,2,0
2021-03-01,0,27,40,0,2,0,0,0
2021-03-01,0,42,25,0,2,0,0,0
2021-03-01,0,23,70,0,0,0,0,0
2021-03-01,0,43,30,0,7,0,2,2
2021-03-01,0,44,40,0,2,0,0,0
2021-03-01,0,67,40,0,3,0,0,0
2021-03-01,0,46,100,50,3,0,10,0
2021-03-01,0,50,20,0,3,0,4,0
2021-03-01,0,51,5,0,2,0,0,0
2021-03-01,0,48,15,0,1,0,8,0
2021-03-01,0,77,35,0,1,0,0,0
2021-03-01,0,57,10,0,1,1,0,0
2021-03-01,0,26,60,0,1,0,5,0
2021-03-01,0,61,5,0,1,0,3,0
2021-03-01,0,20,50,0,8,2,1,0
2021-03-01,0,35,11,0,1,1,0,0
2021-03-01,0,65,6,0,3,0,0,0
2021-03-01,0,66,40,0,1,0,0,0
2021-03-01,0,78,10,0,3,3,0,0
2021-03-01,0,79,45,0,1,0,7,0
2021-03-01,0,80,20,0,5,0,0,0
2021-03-01,0,81,10,0,2,0,0,0
2021-03-01,0,68,80,0,3,0,0,0
2021-03-01,0,83,135,0,5,0,0,0
2021-05-01,1,0,380,0,138,89,15,10
2021-05-01,1,1,223,223,169,86,13,10
2021-05-01,1,2,38,0,11,0,2,0
2021-05-01,1,3,4,0,3,3,0,0
2021-05-01,1,4,342,0,236,232,34,34
2021-05-01,1,5,127,127,127,111,24,24
2021-05-01,1,6,130,0,17,17,0,0
2021-05-01,1,8,28,0,4,1,0,0
2021-05-01,1,7,2,0,2,0,0,0
2021-05-01,1,84,1,0,1,1,0,0
2021-05-01,1,11,290,0,11,58,22,13
2021-05-01,0,12,100,16,24,0,0,0
2021-05-01,0,64,150,0,3,0,1,1
2021-05-01,0,28,115,0,33,25,3,3
2021-05-01,0,29,6,0,2,0,0,0
2021-05-01,0,13,65,0,19,0,8,0
2021-05-01,0,85,280,0,5,0,0,0
2021-05-01,0,15,130,0,8,0,0,0
2021-05-01,0,38,39,0,28,18,2,0
2021-05-01,0,34,60,0,19,1,1,0
2021-05-01,0,36,5,0,5,0,6,0
2021-05-01,0,21,70,0,4,0,0,0
2021-05-01,0,40,50,0,7,0,0,0
2021-05-01,0,16,55,0,1,0,0,0
2021-05-01,0,19,30,0,0,1,3,0
2021-05-01,0,39,2,0,2,2,0,0
2021-05-01,0,41,65,0,3,0,2,0
2021-05-01,0,27,40,0,2,0,0,0
2021-05-01,0,42,25,0,2,0,0,0
2021-05-01,0,23,70,0,0,0,0,0
2021-05-01,0,43,30,0,7,0,2,2
2021-05-01,0,44,40,0,2,0,0,0
2021-05-01,0,67,40,0,3,0,0,0
2021-05-01,0,46,100,50,3,0,10,0
2021-05-01,0,50,20,0,3,0,4,0
2021-05-01,0,51,5,0,2,0,0,0
2021-05-01,0,48,15,0,1,0,8,0
2021-05-01,0,77,35,0,1,0,0,0
2021-05-01,0,57,10,0,1,1,0,0
2021-05-01,0,26,60,0,1,0,5,0
2021-05-01,0,61,5,0,1,0,3,0
2021-05-01,0,20,50,0,8,2,1,0
2021-05-01,0,35,11,0,1,1,0,0
2021-05-01,0,65,6,0,3,0,0,0
2021-05-01,0,66,40,0,1,0,0,0
2021-05-01,0,78,10,0,3,3,0,0
2021-05-01,0,79,45,0,1,0,7,0
2021-05-01,0,80,20,0,5,0,0,0
2021-05-01,0,81,10,0,2,0,0,0
2021-05-01,0,68,80,0,3,0,0,0
2021-05-01,0,83,135,0,5,0,0,0
2021-06-01,1,0,380,0,136,89,4,0
2021-06-01,1,1,222,222,168,92,15,14
2021-06-01,1,2,37,0,11,0,4,0
2021-06-01,1,3,4,0,3,3,4,0
2021-06-01,1,4,346,0,241,234,34,34
2021-06-01,1,5,123,123,123,107,24,24
2021-06-01,1,6,130,0,17,17,0,0
2021-06-01,1,8,28,0,3,1,0,0
2021-06-01,1,7,2,0,2,0,0,0
2021-06-01,1,9,11,6,1,0,0,0
2021-06-01,1,84,1,0,1,1,0,0
2021-06-01,1,11,290,0,11,58,5,13
2021-06-01,1,10,160,0,8,8,16,16
2021-06-01,0,12,70,16,25,0,4,0
2021-06-01,0,64,150,0,3,0,1,0
2021-06-01,0,28,115,0,32,25,2,1
2021-06-01,0,29,4,0,2,0,0,0
2021-06-01,0,13,65,0,19,0,20,0
2021-06-01,0,85,380,0,5,0,6,0
2021-06-01,0,15,50,0,1,0,0,0
2021-06-01,0,38,42,0,30,18,2,1
2021-06-01,0,34,60,0,24,4,2,0
2021-06-01,0,36,5,0,5,0,0,0
2021-06-01,0,21,70,0,4,0,5,0
2021-06-01,0,40,50,0,7,0,1,0
2021-06-01,0,16,60,0,1,0,0,0
2021-06-01,0,19,40,0,1,0,3,0
2021-06-01,0,39,3,0,3,2,0,0
2021-06-01,0,41,65,0,3,0,2,0
2021-06-01,0,31,0,0,0,0,0,0
2021-06-01,0,27,35,0,2,0,20,0
2021-06-01,0,42,25,0,3,0,4,0
2021-06-01,0,43,30,0,7,0,3,0
2021-06-01,0,44,30,0,1,0,0,0
2021-06-01,0,67,40,0,3,0,0,0
2021-06-01,0,46,100,50,1,0,1,0
2021-06-01,0,50,20,0,3,0,1,0
2021-06-01,0,51,10,0,2,0,0,0
2021-06-01,0,48,15,0,1,0,5,0
2021-06-01,0,77,40,0,1,0,0,0
2021-06-01,0,57,10,0,1,1,2,0
2021-06-01,0,26,60,0,1,0,0,0
2021-06-01,0,61,5,0,1,0,0,0
2021-06-01,0,20,50,0,8,2,3,0
2021-06-01,0,35,11,0,1,1,0,0
2021-06-01,0,65,6,0,3,0,0,0
2021-06-01,0,66,40,0,1,0,2,0
2021-06-01,0,79,45,0,1,0,17,0
2021-06-01,0,80,20,0,5,0,0,0
2021-06-01,0,81,10,0,2,0,1,0
2021-06-01,0,68,80,0,3,0,5,0
2021-06-01,0,83,135,0,5,0,2,0
2021-06-01,0,86,90,0,1,0,2,0
2021-07-01,1,0,380,0,133,88,18,1
2021-07-01,1,1,227,227,164,92,4,4
2021-07-01,1,2,35,0,11,0,4,0
2021-07-01,1,3,5,0,5,3,2,0
2021-07-01,1,4,336,0,240,235,34,34
2021-07-01,1,5,123,123,123,107,24,24
2021-07-01,1,6,130,0,17,17,0,0
2021-07-01,1,8,28,0,3,1,0,0
2021-07-01,1,7,2,0,2,0,0,0
2021-07-01,1,9,5,6,1,0,0,0
2021-07-01,1,84,1,0,1,0,0,0
2021-07-01,1,11,300,0,9,58,40,9
2021-07-01,1,10,160,0,8,8,16,16
2021-07-01,0,12,70,16,25,0,3,0
2021-07-01,0,64,150,0,3,0,0,0
2021-07-01,0,28,118,0,32,24,3,1
2021-07-01,0,29,4,0,2,0,0,0
2021-07-01,0,13,70,0,19,0,15,0
2021-07-01,0,85,380,0,5,0,3,0
2021-07-01,0,15,50,0,6,0,0,0
2021-07-01,0,38,43,0,31,19,0,0
2021-07-01,0,34,50,0,24,4,1,0
2021-07-01,0,36,5,0,5,0,0,0
2021-07-01,0,21,70,0,4,0,5,0
2021-07-01,0,40,50,0,6,0,2,0
2021-07-01,0,16,60,0,1,0,0,0
2021-07-01,0,19,40,0,1,0,2,0
2021-07-01,0,41,65,0,3,0,2,0
2021-07-01,0,27,38,0,3,0,0,0
2021-07-01,0,42,25,0,3,0,4,0
2021-07-01,0,43,30,0,7,0,3,0
2021-07-01,0,44,30,0,1,0,0,0
2021-07-01,0,67,40,0,6,0,0,0
2021-07-01,0,46,100,50,1,0,1,0
2021-07-01,0,50,20,0,3,0,0,0
2021-07-01,0,51,3,0,1,0,0,0
2021-07-01,0,48,15,0,1,0,5,0
2021-07-01,0,77,40,0,1,0,0,0
2021-07-01,0,57,10,0,1,1,2,0
2021-07-01,0,61,7,0,1,0,3,0
2021-07-01,0,20,50,0,8,2,3,0
2021-07-01,0,65,6,0,2,0,1,0
2021-07-01,0,66,40,0,1,0,2,0
2021-07-01,0,79,45,0,1,0,18,0
2021-07-01,0,80,20,0,5,0,0,0
2021-07-01,0,81,10,0,3,0,1,0
2021-07-01,0,68,92,0,3,0,10,0
2021-07-01,0,83,147,0,5,0,5,0
2021-07-01,0,87,19,0,19,0,0,0
2021-07-01,0,86,95,0,1,0,2,0
2021-08-01,1,0,380,0,131,86,20,1
2021-08-01,1,1,223,223,169,93,5,3
2021-08-01,1,2,36,0,11,0,3,0
2021-08-01,1,3,5,0,5,3,1,0
2021-08-01,1,4,336,0,240,235,88,88
2021-08-01,1,5,125,125,125,108,24,24
2021-08-01,1,6,130,0,17,17,0,0
2021-08-01,1,8,28,0,3,1,0,0
2021-08-01,1,7,2,0,2,0,0,0
2021-08-01,1,9,12,6,1,0,0,0
2021-08-01,1,84,1,0,1,0,0,0
2021-08-01,1,11,280,0,70,58,30,9
2021-08-01,1,10,160,0,10,10,14,14
2021-08-01,0,12,70,16,26,0,8,0
2021-08-01,0,64,150,0,3,0,0,0
2021-08-01,0,28,115,0,32,24,8,2
2021-08-01,0,29,4,0,2,0,0,0
2021-08-01,0,13,70,0,19,0,15,0
2021-08-01,0,85,380,0,5,0,5,0
2021-08-01,0,15,50,0,4,0,0,0
2021-08-01,0,38,42,0,30,18,1,0
2021-08-01,0,34,50,0,24,4,0,0
2021-08-01,0,36,5,0,5,0,0,0
2021-08-01,0,21,70,0,4,0,5,0
2021-08-01,0,40,50,0,6,0,0,0
2021-08-01,0,16,80,0,1,0,8,0
2021-08-01,0,19,40,0,2,0,5,0
2021-08-01,0,41,65,0,3,0,2,0
2021-08-01,0,27,30,0,3,0,15,0
2021-08-01,0,42,25,0,2,0,4,0
2021-08-01,0,43,30,0,7,0,3,0
2021-08-01,0,44,28,0,1,0,0,0
2021-08-01,0,67,50,0,6,0,0,0
2021-08-01,0,46,100,50,1,0,1,0
2021-08-01,0,50,18,0,2,0,1,0
2021-08-01,0,51,5,0,1,0,0,0
2021-08-01,0,48,15,0,1,0,5,0
2021-08-01,0,77,30,0,0,0,15,0
2021-08-01,0,57,10,0,1,1,2,0
2021-08-01,0,26,40,0,1,0,15,0
2021-08-01,0,61,7,0,1,0,0,0
2021-08-01,0,20,50,0,8,2,3,0
2021-08-01,0,65,6,0,2,0,1,0
2021-08-01,0,66,30,0,1,0,2,0
2021-08-01,0,79,45,0,1,0,16,0
2021-08-01,0,80,20,0,5,0,0,0
2021-08-01,0,81,10,0,3,0,0,0
2021-08-01,0,68,95,0,3,0,10,0
2021-08-01,0,83,145,0,5,0,3,0
2021-08-01,0,87,19,0,19,0,0,0
2021-08-01,0,86,100,0,2,0,2,0
2021-09-01,1,0,380,0,128,85,30,0
2021-09-01,1,1,235,235,172,94,4,3
2021-09-01,1,2,36,0,11,0,3,0
2021-09-01,1,3,6,0,6,3,0,0
2021-09-01,1,4,336,0,241,236,154,154
2021-09-01,1,5,126,126,126,108,25,25
2021-09-01,1,6,130,0,17,17,0,0
2021-09-01,1,8,28,0,3,1,0,0
2021-09-01,1,7,2,0,2,0,0,0
2021-09-01,1,9,12,6,1,0,0,0
2021-09-01,1,37,0,0,0,0,0,0
2021-09-01,1,84,1,0,1,0,0,0
2021-09-01,1,11,290,0,72,58,30,9
2021-09-01,1,10,160,0,11,11,13,13
2021-09-01,0,12,70,16,27,0,2,0
2021-09-01,0,64,150,0,2,0,1,0
2021-09-01,0,28,113,0,33,24,10,1
2021-09-01,0,29,4,0,2,0,0,0
2021-09-01,0,13,65,0,17,0,20,0
2021-09-01,0,85,380,0,5,0,3,0
2021-09-01,0,15,50,0,4,0,0,0
2021-09-01,0,38,43,0,29,18,1,0
2021-09-01,0,34,50,0,24,4,2,0
2021-09-01,0,36,5,0,5,0,0,0
2021-09-01,0,21,70,0,4,0,0,0
2021-09-01,0,40,50,0,6,0,2,0
2021-09-01,0,16,20,0,1,0,0,0
2021-09-01,0,19,70,0,2,0,10,0
2021-09-01,0,41,65,0,3,0,5,0
2021-09-01,0,27,55,0,3,0,5,0
2021-09-01,0,42,25,0,2,0,4,0
2021-09-01,0,43,30,0,7,0,3,0
2021-09-01,0,44,50,0,1,0,0,0
2021-09-01,0,67,90,0,6,0,0,0
2021-09-01,0,46,100,50,1,0,1,0
2021-09-01,0,50,18,0,2,0,1,0
2021-09-01,0,51,5,0,1,0,0,0
2021-09-01,0,48,15,0,1,0,5,0
2021-09-01,0,57,10,0,1,1,2,0
2021-09-01,0,61,7,0,2,0,3,0
2021-09-01,0,20,50,0,8,2,3,0
2021-09-01,0,65,6,0,2,0,2,0
2021-09-01,0,66,30,0,1,0,0,0
2021-09-01,0,79,45,0,1,0,20,0
2021-09-01,0,80,20,0,5,0,0,0
2021-09-01,0,81,10,0,3,0,0,0
2021-09-01,0,68,95,0,3,0,7,0
2021-09-01,0,83,145,0,5,0,2,0
2021-09-01,0,87,17,0,17,0,0,0
2021-09-01,0,86,105,0,2,0,2,0
2021-10-01,1,0,380,0,128,85,32,2
2021-10-01,1,1,222,222,168,92,5,4
2021-10-01,1,2,36,0,11,0,3,0
2021-10-01,1,3,6,0,6,3,0,0
2021-10-01,1,4,336,0,240,234,154,154
2021-10-01,1,5,126,126,126,108,25,25
2021-10-01,1,6,130,0,17,17,0,0
2021-10-01,1,8,28,0,3,1,0,0
2021-10-01,1,7,2,0,2,0,0,0
2021-10-01,1,9,6,6,1,0,0,0
2021-10-01,1,37,8,0,0,0,10,0
2021-10-01,1,84,1,0,1,0,0,0
2021-10-01,1,11,300,0,74,58,52,9
2021-10-01,1,10,150,0,11,11,13,13
2021-10-01,0,12,70,16,30,0,2,0
2021-10-01,0,64,150,0,2,0,1,1
2021-10-01,0,28,135,0,33,25,5,2
2021-10-01,0,29,4,0,2,0,0,0
2021-10-01,0,13,65,0,16,0,20,0
2021-10-01,0,85,380,0,4,0,6,0
2021-10-01,0,15,50,0,4,0,6,0
2021-10-01,0,38,43,0,31,18,6,4
2021-10-01,0,34,50,0,24,4,2,0
2021-10-01,0,36,5,0,5,0,0,0
2021-10-01,0,21,50,0,4,0,0,0
2021-10-01,0,40,50,0,6,0,2,0
2021-10-01,0,16,20,0,1,0,0,0
2021-10-01,0,19,70,0,2,0,10,0
2021-10-01,0,41,65,0,3,0,4,0
2021-10-01,0,31,0,0,0,0,0,0
2021-10-01,0,27,40,0,3,0,5,0
2021-10-01,0,42,25,0,2,0,6,0
2021-10-01,0,43,30,0,7,0,2,0
2021-10-01,0,44,50,0,1,0,0,0
2021-10-01,0,67,90,0,66,0,0,0
2021-10-01,0,46,100,50,1,0,0,0
2021-10-01,0,50,19,0,2,0,3,0
2021-10-01,0,51,5,0,1,0,0,0
2021-10-01,0,48,15,0,1,0,5,0
2021-10-01,0,77,45,0,1,0,8,0
2021-10-01,0,57,10,0,1,1,0,0
2021-10-01,0,26,0,0,0,0,5,0
2021-10-01,0,60,0,0,0,0,0,0
2021-10-01,0,61,7,0,2,0,3,0
2021-10-01,0,20,50,0,8,2,2,0
2021-10-01,0,35,1,0,1,1,0,0
2021-10-01,0,65,6,0,2,0,1,0
2021-10-01,0,66,30,0,1,0,1,0
2021-10-01,0,63,0,0,0,0,0,0
2021-10-01,0,79,45,0,1,0,20,0
2021-10-01,0,80,20,0,5,0,0,0
2021-10-01,0,81,10,0,3,0,0,0
2021-10-01,0,68,100,0,3,0,10,0
2021-10-01,0,83,140,0,5,0,2,0
2021-10-01,0,87,17,0,17,0,0,0
2021-10-01,0,86,110,0,2,0,10,0
2021-11-01,1,0,400,0,127,83,32,2
2021-11-01,1,1,222,222,168,91,7,4
2021-11-01,1,2,39,0,12,0,4,0
2021-11-01,1,3,6,0,6,3,0,0
2021-11-01,1,4,329,0,241,233,154,154
2021-11-01,1,5,126,126,126,108,25,25
2021-11-01,1,6,130,0,17,17,0,0
2021-11-01,1,8,28,0,3,1,0,0
2021-11-01,1,7,2,0,2,0,0,0
2021-11-01,1,9,6,0,1,0,0,0
2021-11-01,1,37,8,0,0,0,10,0
2021-11-01,1,84,1,0,1,0,0,0
2021-11-01,1,11,310,0,74,58,40,9
2021-11-01,1,10,150,0,11,11,13,13
2021-11-01,0,12,70,16,25,0,7,0
2021-11-01,0,64,150,0,2,0,1,0
2021-11-01,0,28,133,0,34,25,25,20
2021-11-01,0,29,4,0,2,0,0,0
2021-11-01,0,13,65,0,16,0,15,0
2021-11-01,0,85,380,0,4,0,80,0
2021-11-01,0,15,50,0,4,0,8,0
2021-11-01,0,38,42,0,30,19,5,3
2021-11-01,0,34,50,0,24,4,3,0
2021-11-01,0,36,4,0,4,0,0,0
2021-11-01,0,21,50,0,4,0,2,0
2021-11-01,0,40,50,0,6,0,2,0
2021-11-01,0,16,6,0,1,0,0,0
2021-11-01,0,19,30,0,0,0,0,0
2021-11-01,0,41,65,0,3,0,4,0
2021-11-01,0,27,60,0,3,0,10,0
2021-11-01,0,42,25,0,3,0,5,0
2021-11-01,0,43,30,0,7,0,3,0
2021-11-01,0,44,45,0,1,0,0,0
2021-11-01,0,67,90,0,6,0,0,0
2021-11-01,0,46,100,50,1,0,0,0
2021-11-01,0,50,20,0,2,0,0,0
2021-11-01,0,51,10,0,1,0,0,0
2021-11-01,0,48,15,0,1,0,5,0
2021-11-01,0,57,10,0,1,1,0,0
2021-11-01,0,61,7,0,2,0,3,0
2021-11-01,0,20,50,0,8,2,2,0
2021-11-01,0,35,1,0,1,1,0,0
2021-11-01,0,65,6,0,3,0,1,0
2021-11-01,0,66,30,0,1,0,3,0
2021-11-01,0,79,45,0,1,0,20,0
2021-11-01,0,80,20,0,5,0,0,0
2021-11-01,0,81,10,0,3,0,2,0
2021-11-01,0,68,100,0,3,0,10,0
2021-11-01,0,83,140,0,5,0,2,0
2021-11-01,0,87,15,0,15,0,0,0
2021-11-01,0,86,110,0,2,0,10,0
2021-11-01,0,88,50,0,3,0,4,0
2021-12-01,1,0,429,0,127,82,32,2
2021-12-01,1,1,213,213,159,89,8,0
2021-12-01,1,2,35,0,11,0,8,0
2021-12-01,1,3,6,0,6,3,0,0
2021-12-01,1,4,329,0,237,233,154,154
2021-12-01,1,5,125,125,125,107,25,25
2021-12-01,1,6,100,0,16,16,0,0
2021-12-01,1,8,28,0,3,1,0,0
2021-12-01,1,7,2,0,2,0,0,0
2021-12-01,1,9,13,7,1,0,2,0
2021-12-01,1,37,20,0,0,0,10,0
2021-12-01,1,84,1,0,1,0,0,0
2021-12-01,1,11,340,0,73,58,7,7
2021-12-01,1,10,150,0,11,11,13,13
2021-12-01,0,12,70,16,26,0,7,0
2021-12-01,0,64,150,0,2,0,1,0
2021-12-01,0,28,140,0,34,25,20,20
2021-12-01,0,29,4,0,2,0,0,0
2021-12-01,0,13,65,0,16,0,17,0
2021-12-01,0,85,380,0,4,0,30,0
2021-12-01,0,15,50,0,4,0,10,0
2021-12-01,0,38,47,0,31,19,0,0
2021-12-01,0,34,50,0,24,4,3,0
2021-12-01,0,36,6,0,4,0,0,0
2021-12-01,0,21,50,0,4,0,4,0
2021-12-01,0,40,50,0,6,0,2,0
2021-12-01,0,16,6,0,1,0,0,0
2021-12-01,0,39,4,0,4,3,0,0
2021-12-01,0,41,65,0,3,0,10,0
2021-12-01,0,27,60,0,3,0,5,0
2021-12-01,0,42,25,0,2,0,5,0
2021-12-01,0,23,70,0,0,0,0,0
2021-12-01,0,43,30,0,7,0,2,0
2021-12-01,0,44,50,0,1,0,0,0
2021-12-01,0,67,40,0,6,0,5,0
2021-12-01,0,46,100,50,1,0,0,0
2021-12-01,0,50,20,0,2,0,1,0
2021-12-01,0,48,15,0,1,0,2,0
2021-12-01,0,57,10,0,1,1,0,0
2021-12-01,0,61,7,0,2,0,3,0
2021-12-01,0,20,50,0,8,2,3,0
2021-12-01,0,35,1,0,1,1,0,0
2021-12-01,0,65,6,0,3,0,1,0
2021-12-01,0,66,30,0,1,0,2,0
2021-12-01,0,79,45,0,1,0,20,0
2021-12-01,0,80,20,0,5,0,15,0
2021-12-01,0,81,8,0,3,0,2,0
2021-12-01,0,68,103,0,3,0,5,0
2021-12-01,0,83,135,0,5,0,2,0
2021-12-01,0,87,12,0,12,0,0,0
2021-12-01,0,86,110,0,2,0,5,0
2021-12-01,0,88,50,0,4,0,0,0
2022-01-01,1,0,429,0,127,82,22,2
2022-01-01,1,1,215,215,161,92,12,9
2022-01-01,1,2,35,0,11,0,7,0
2022-01-01,1,3,6,0,6,3,0,0
2022-01-01,1,4,336,0,240,229,154,154
2022-01-01,1,5,126,126,126,108,25,25
2022-01-01,1,6,100,0,16,16,0,0
2022-01-01,1,8,28,0,3,1,0,0
2022-01-01,1,7,2,0,2,0,0,0
2022-01-01,1,9,13,7,2,0,0,0
2022-01-01,1,84,2,0,2,1,0,0
2022-01-01,1,11,340,0,16,57,10,9
2022-01-01,1,10,150,0,11,11,13,13
2022-01-01,0,12,70,16,27,0,7,0
2022-01-01,0,64,150,0,2,0,1,0
2022-01-01,0,28,142,0,32,23,20,20
2022-01-01,0,29,4,0,2,0,0,0
2022-01-01,0,13,65,0,16,0,17,0
2022-01-01,0,85,300,0,4,0,10,0
2022-01-01,0,15,40,0,4,0,40,40
2022-01-01,0,38,45,0,30,20,8,2
2022-01-01,0,34,50,0,24,4,3,0
2022-01-01,0,36,6,0,4,0,0,0
2022-01-01,0,21,50,0,4,0,4,0
2022-01-01,0,40,50,0,6,0,2,0
2022-01-01,0,16,6,0,1,0,0,0
2022-01-01,0,39,65,0,5,0,30,15
2022-01-01,0,41,65,0,3,0,10,0
2022-01-01,0,27,60,0,2,0,30,0
2022-01-01,0,42,25,0,2,0,5,0
2022-01-01,0,43,30,0,7,0,2,0
2022-01-01,0,44,40,0,1,0,3,0
2022-01-01,0,67,35,0,5,0,10,0
2022-01-01,0,45,1,0,1,0,2,0
2022-01-01,0,46,100,50,1,0,0,0
2022-01-01,0,50,20,0,2,0,0,0
2022-01-01,0,51,15,0,1,0,0,0
2022-01-01,0,48,15,0,1,0,2,0
2022-01-01,0,77,45,0,1,0,10,0
2022-01-01,0,57,10,0,1,1,0,0
2022-01-01,0,26,100,0,2,0,10,0
2022-01-01,0,61,7,0,2,0,3,0
2022-01-01,0,20,50,0,8,2,3,0
2022-01-01,0,35,1,0,1,1,0,0
2022-01-01,0,65,6,0,3,0,1,0
2022-01-01,0,66,30,0,1,0,2,0
2022-01-01,0,79,45,0,1,0,18,0
2022-01-01,0,80,20,0,5,0,15,0
2022-01-01,0,81,8,0,3,0,2,0
2022-01-01,0,68,110,0,3,4,5,0
2022-01-01,0,83,130,0,5,0,0,0
2022-01-01,0,87,17,0,17,0,0,0
2022-01-01,0,86,110,0,2,0,3,0
2022-01-01,0,88,50,0,5,0,0,0
2022-02-01,1,0,429,0,127,82,10,0
2022-02-01,1,1,226,226,162,88,15,9
2022-02-01,1,2,35,0,12,0,6,0
2022-02-01,1,3,6,0,6,3,3,0
2022-02-01,1,4,334,0,238,224,154,154
2022-02-01,1,5,128,128,128,110,25,25
2022-02-01,1,6,100,0,16,16,0,0
2022-02-01,1,8,28,0,3,1,0,0
2022-02-01,1,7,2,0,2,0,0,0
2022-02-01,1,9,13,7,2,0,0,0
2022-02-01,1,84,2,0,2,1,0,0
2022-02-01,1,11,340,0,17,57,15,9
2022-02-01,1,10,150,0,11,11,13,13
2022-02-01,0,12,70,16,27,0,7,0
2022-02-01,0,64,150,0,2,0,2,0
2022-02-01,0,28,140,0,32,23,20,20
2022-02-01,0,29,4,0,2,0,0,0
2022-02-01,0,13,65,0,16,0,17,0
2022-02-01,0,85,300,0,4,0,10,0
2022-02-01,0,15,40,0,4,0,30,0
2022-02-01,0,38,45,0,30,20,0,0
2022-02-01,0,34,50,0,24,4,0,0
2022-02-01,0,36,6,0,4,0,0,0
2022-02-01,0,21,50,0,4,0,2,0
2022-02-01,0,40,50,0,6,0,2,0
2022-02-01,0,16,12,0,1,0,0,0
2022-02-01,0,19,0,0,0,0,0,0
2022-02-01,0,41,70,0,3,0,10,0
2022-02-01,0,27,60,0,2,0,20,0
2022-02-01,0,42,25,0,2,0,5,0
2022-02-01,0,43,30,0,7,0,2,0
2022-02-01,0,44,35,0,1,0,2,0
2022-02-01,0,67,40,0,5,0,20,0
2022-02-01,0,46,120,100,1,0,0,0
2022-02-01,0,50,20,0,2,0,3,0
2022-02-01,0,48,15,0,1,0,2,0
2022-02-01,0,77,45,0,1,0,10,0
2022-02-01,0,57,10,0,1,1,0,0
2022-02-01,0,26,100,0,2,0,10,0
2022-02-01,0,61,7,0,1,0,0,0
2022-02-01,0,20,50,0,8,2,3,0
2022-02-01,0,35,1,0,1,1,0,0
2022-02-01,0,65,6,0,3,0,1,0
2022-02-01,0,66,30,0,1,0,2,0
2022-02-01,0,79,45,0,1,0,20,0
2022-02-01,0,80,20,0,5,0,15,0
2022-02-01,0,81,8,0,3,0,2,0
2022-02-01,0,68,110,0,3,4,7,0
2022-02-01,0,83,130,0,5,0,5,0
2022-02-01,0,87,17,0,17,0,0,0
2022-02-01,0,86,110,0,2,0,1,0
2022-02-01,0,88,50,0,5,0,0,0
2022-03-01,1,0,420,0,124,80,1,0
2022-03-01,1,1,217,217,163,87,12,10
2022-03-01,1,2,35,0,12,0,3,0
2022-03-01,1,3,6,0,6,3,3,0
2022-03-01,1,4,328,0,239,227,154,154
2022-03-01,1,5,121,121,121,103,23,23
2022-03-01,1,6,100,0,16,16,4,4
2022-03-01,1,8,28,0,3,1,0,0
2022-03-01,1,7,2,0,2,0,0,0
2022-03-01,1,84,2,0,2,1,0,0
2022-03-01,1,11,340,0,17,57,4,9
2022-03-01,1,10,150,0,10,10,14,14
2022-03-01,0,12,70,16,30,0,0,0
2022-03-01,0,64,150,0,2,0,2,1
2022-03-01,0,28,135,0,34,24,45,40
2022-03-01,0,29,4,0,2,0,0,0
2022-03-01,0,13,65,0,16,0,20,0
2022-03-01,0,85,300,0,4,0,10,0
2022-03-01,0,15,40,0,5,0,10,0
2022-03-01,0,38,43,0,30,20,0,0
2022-03-01,0,34,50,0,24,4,3,1
2022-03-01,0,36,6,0,3,0,1,0
2022-03-01,0,21,50,0,4,0,2,0
2022-03-01,0,40,50,0,6,0,0,0
2022-03-01,0,16,12,0,1,0,0,0
2022-03-01,0,41,70,0,3,0,10,0
2022-03-01,0,27,60,0,2,0,20,0
2022-03-01,0,42,25,0,2,0,5,0
2022-03-01,0,43,30,0,7,0,2,0
2022-03-01,0,44,20,0,1,0,3,0
2022-03-01,0,67,50,0,6,0,15,0
2022-03-01,0,46,120,100,1,0,0,0
2022-03-01,0,50,20,0,2,0,3,0
2022-03-01,0,51,15,0,1,0,0,0
2022-03-01,0,48,15,0,1,0,3,0
2022-03-01,0,57,10,0,1,1,0,0
2022-03-01,0,61,7,0,1,0,3,0
2022-03-01,0,20,50,0,8,2,3,0
2022-03-01,0,35,1,0,1,1,0,0
2022-03-01,0,65,6,0,4,0,0,0
2022-03-01,0,66,30,0,1,0,2,0
2022-03-01,0,79,45,0,1,0,20,0
2022-03-01,0,81,8,0,3,0,2,0
2022-03-01,0,68,110,0,5,4,5,0
2022-03-01,0,83,130,0,5,0,0,0
2022-03-01,0,87,17,0,17,0,0,0
2022-03-01,0,86,110,0,2,0,0,0
2022-03-01,0,88,50,0,5,0,0,0
2022-04-01,1,0,420,0,124,80,0,0
2022-04-01,1,1,226,226,163,88,13,9
2022-04-01,1,2,35,0,12,0,3,0
2022-04-01,1,5,127,127,127,109,17,17
2022-04-01,1,6,100,0,16,16,4,2
2022-04-01,1,8,28,0,3,1,0,0
2022-04-01,1,7,2,0,2,0,0,0
2022-04-01,1,84,2,0,2,1,0,0
2022-04-01,1,11,340,0,72,55,11,10
2022-04-01,1,10,150,0,10,10,14,14
2022-04-01,0,12,70,16,30,0,0,0
2022-04-01,0,64,150,0,2,0,2,1
2022-04-01,0,28,140,0,35,24,45,40
2022-04-01,0,29,4,0,2,0,0,0
2022-04-01,0,13,70,0,18,0,13,0
2022-04-01,0,15,45,0,5,0,2,0
2022-04-01,0,38,43,0,30,20,7,2
2022-04-01,0,34,50,0,24,4,3,1
2022-04-01,0,36,6,0,3,0,0,0
2022-04-01,0,21,50,0,4,0,0,0
2022-04-01,0,40,50,0,6,0,0,0
2022-04-01,0,41,70,0,3,0,10,0
2022-04-01,0,27,60,0,2,0,5,0
2022-04-01,0,42,25,0,2,0,3,0
2022-04-01,0,43,30,0,7,0,2,0
2022-04-01,0,44,35,0,1,0,2,0
2022-04-01,0,67,50,0,5,0,3,0
2022-04-01,0,46,120,100,1,0,0,0
2022-04-01,0,50,20,0,2,0,3,0
2022-04-01,0,51,14,0,1,0,3,0
2022-04-01,0,48,15,0,1,0,3,0
2022-04-01,0,77,40,0,0,1,5,0
2022-04-01,0,57,10,0,1,1,0,0
2022-04-01,0,26,100,0,2,0,10,0
2022-04-01,0,61,7,0,2,0,3,0
2022-04-01,0,20,50,0,8,2,3,0
2022-04-01,0,35,1,0,1,1,0,0
2022-04-01,0,65,6,0,3,0,1,0
2022-04-01,0,66,30,0,1,0,2,0
2022-04-01,0,79,45,0,1,0,20,0
2022-04-01,0,80,20,0,5,0,15,0
2022-04-01,0,68,120,0,6,0,5,0
2022-04-01,0,83,125,0,5,0,0,0
2022-04-01,0,87,17,0,17,0,0,0
2022-04-01,0,86,110,0,2,0,0,0
2022-04-01,0,88,50,0,5,0,0,0
